ISO-10303-21;
HEADER;
/* Generated by software containing ST-Developer
 * from STEP Tools, Inc. (www.steptools.com) 
 */

FILE_DESCRIPTION(
/* description */ (''),
/* implementation_level */ '2;1');

FILE_NAME(
/* name */ 'macro pad.step',
/* time_stamp */ '2026-09-08T19:04:47-07:00',
/* author */ (''),
/* organization */ (''),
/* preprocessor_version */ 'ST-DEVELOPER v20.2',
/* originating_system */ 'Autodesk Translation Framework v15.15.0.0',
/* authorisation */ '');

FILE_SCHEMA (('AUTOMOTIVE_DESIGN { 1 0 10303 214 3 1 1 }'));
ENDSEC;

DATA;
#10=MECHANICAL_DESIGN_GEOMETRIC_PRESENTATION_REPRESENTATION('',(#13,#14),
#4423);
#11=SHAPE_REPRESENTATION_RELATIONSHIP('SRR','None',#4430,#12);
#12=ADVANCED_BREP_SHAPE_REPRESENTATION('',(#15,#16),#4422);
#13=STYLED_ITEM('',(#4439),#15);
#14=STYLED_ITEM('',(#4439),#16);
#15=MANIFOLD_SOLID_BREP('Body1',#2619);
#16=MANIFOLD_SOLID_BREP('Body4',#2620);
#17=FACE_BOUND('',#364,.T.);
#18=FACE_BOUND('',#483,.T.);
#19=FACE_BOUND('',#484,.T.);
#20=FACE_BOUND('',#485,.T.);
#21=FACE_BOUND('',#486,.T.);
#22=FACE_BOUND('',#487,.T.);
#23=FACE_BOUND('',#488,.T.);
#24=FACE_BOUND('',#489,.T.);
#25=FACE_BOUND('',#490,.T.);
#26=FACE_BOUND('',#491,.T.);
#27=FACE_BOUND('',#492,.T.);
#28=FACE_BOUND('',#494,.T.);
#29=FACE_BOUND('',#495,.T.);
#30=FACE_BOUND('',#496,.T.);
#31=FACE_BOUND('',#497,.T.);
#32=FACE_BOUND('',#498,.T.);
#33=FACE_BOUND('',#499,.T.);
#34=FACE_BOUND('',#500,.T.);
#35=FACE_BOUND('',#501,.T.);
#36=FACE_BOUND('',#502,.T.);
#37=FACE_BOUND('',#503,.T.);
#38=CIRCLE('',#2640,3.00000000000001);
#39=CIRCLE('',#2641,3.00000000000001);
#40=CIRCLE('',#2644,2.99999999999999);
#41=CIRCLE('',#2645,2.99999999999999);
#42=CIRCLE('',#2648,2.99999999999999);
#43=CIRCLE('',#2649,2.99999999999999);
#44=CIRCLE('',#2652,2.99999999999998);
#45=CIRCLE('',#2653,2.99999999999998);
#46=CIRCLE('',#2658,0.499999999999998);
#47=CIRCLE('',#2659,0.499999999999998);
#48=CIRCLE('',#2662,0.499999999999998);
#49=CIRCLE('',#2663,0.499999999999998);
#50=CIRCLE('',#2666,0.499999999999998);
#51=CIRCLE('',#2667,0.499999999999998);
#52=CIRCLE('',#2669,0.500000000000003);
#53=CIRCLE('',#2670,0.500000000000003);
#54=CIRCLE('',#2672,0.499999999999998);
#55=CIRCLE('',#2673,0.499999999999998);
#56=CIRCLE('',#2676,0.499999999999998);
#57=CIRCLE('',#2677,0.499999999999998);
#58=CIRCLE('',#2680,0.499999999999998);
#59=CIRCLE('',#2681,0.499999999999998);
#60=CIRCLE('',#2684,0.499999999999998);
#61=CIRCLE('',#2685,0.499999999999998);
#62=CIRCLE('',#2687,0.499999999999998);
#63=CIRCLE('',#2688,0.499999999999998);
#64=CIRCLE('',#2690,0.500000000000003);
#65=CIRCLE('',#2691,0.500000000000003);
#66=CIRCLE('',#2694,0.499999999999998);
#67=CIRCLE('',#2695,0.499999999999998);
#68=CIRCLE('',#2698,0.499999999999998);
#69=CIRCLE('',#2699,0.499999999999998);
#70=CIRCLE('',#2701,0.499999999999998);
#71=CIRCLE('',#2702,0.499999999999998);
#72=CIRCLE('',#2705,0.500000000000003);
#73=CIRCLE('',#2706,0.500000000000003);
#74=CIRCLE('',#2709,0.499999999999998);
#75=CIRCLE('',#2710,0.499999999999998);
#76=CIRCLE('',#2713,0.499999999999998);
#77=CIRCLE('',#2714,0.499999999999998);
#78=CIRCLE('',#2717,0.499999999999998);
#79=CIRCLE('',#2718,0.499999999999998);
#80=CIRCLE('',#2720,0.500000000000003);
#81=CIRCLE('',#2721,0.500000000000003);
#82=CIRCLE('',#2724,0.499999999999998);
#83=CIRCLE('',#2725,0.499999999999998);
#84=CIRCLE('',#2728,0.499999999999998);
#85=CIRCLE('',#2729,0.499999999999998);
#86=CIRCLE('',#2731,0.499999999999998);
#87=CIRCLE('',#2732,0.499999999999998);
#88=CIRCLE('',#2734,0.500000000000003);
#89=CIRCLE('',#2735,0.500000000000003);
#90=CIRCLE('',#2736,0.500000000000003);
#91=CIRCLE('',#2739,0.499999999999998);
#92=CIRCLE('',#2740,0.499999999999998);
#93=CIRCLE('',#2743,0.500000000000003);
#94=CIRCLE('',#2744,0.500000000000003);
#95=CIRCLE('',#2747,0.499999999999998);
#96=CIRCLE('',#2748,0.499999999999998);
#97=CIRCLE('',#2751,0.499999999999996);
#98=CIRCLE('',#2752,0.499999999999996);
#99=CIRCLE('',#2756,0.499999999999997);
#100=CIRCLE('',#2757,0.499999999999997);
#101=CIRCLE('',#2760,0.499999999999989);
#102=CIRCLE('',#2761,0.499999999999989);
#103=CIRCLE('',#2763,0.499999999999998);
#104=CIRCLE('',#2764,0.499999999999998);
#105=CIRCLE('',#2767,0.499999999999998);
#106=CIRCLE('',#2768,0.500000000000003);
#107=CIRCLE('',#2771,0.499999999999998);
#108=CIRCLE('',#2772,0.500000000000003);
#109=CIRCLE('',#2776,0.499999999999998);
#110=CIRCLE('',#2777,0.500000000000003);
#111=CIRCLE('',#2782,0.499999999999998);
#112=CIRCLE('',#2783,0.499999999999998);
#113=CIRCLE('',#2786,0.499999999999998);
#114=CIRCLE('',#2787,0.499999999999998);
#115=CIRCLE('',#2790,0.499999999999998);
#116=CIRCLE('',#2791,0.499999999999998);
#117=CIRCLE('',#2794,0.499999999999998);
#118=CIRCLE('',#2795,0.499999999999998);
#119=CIRCLE('',#2798,0.500000000000003);
#120=CIRCLE('',#2799,0.500000000000003);
#121=CIRCLE('',#2802,0.499999999999998);
#122=CIRCLE('',#2803,0.499999999999998);
#123=CIRCLE('',#2806,0.499999999999998);
#124=CIRCLE('',#2807,0.499999999999998);
#125=CIRCLE('',#2810,0.499999999999998);
#126=CIRCLE('',#2811,0.499999999999998);
#127=CIRCLE('',#2814,0.499999999999998);
#128=CIRCLE('',#2815,0.499999999999998);
#129=CIRCLE('',#2818,0.499999999999998);
#130=CIRCLE('',#2819,0.499999999999998);
#131=CIRCLE('',#2822,0.499999999999998);
#132=CIRCLE('',#2823,0.499999999999998);
#133=CIRCLE('',#2826,0.499999999999998);
#134=CIRCLE('',#2827,0.499999999999998);
#135=CIRCLE('',#2830,0.499999999999998);
#136=CIRCLE('',#2831,0.499999999999998);
#137=CIRCLE('',#2833,0.499999999999998);
#138=CIRCLE('',#2834,0.499999999999998);
#139=CIRCLE('',#2837,0.499999999999998);
#140=CIRCLE('',#2838,0.499999999999998);
#141=CIRCLE('',#2842,0.499999999999998);
#142=CIRCLE('',#2845,0.499999999999998);
#143=CIRCLE('',#2848,0.499999999999998);
#144=CIRCLE('',#2851,0.500000000000003);
#145=CIRCLE('',#2854,0.499999999999998);
#146=CIRCLE('',#2857,0.500000000000003);
#147=CIRCLE('',#2860,0.499999999999998);
#148=CIRCLE('',#2862,0.500000000000003);
#149=CIRCLE('',#2865,0.499999999999998);
#150=CIRCLE('',#2868,0.499999999999998);
#151=CIRCLE('',#2871,3.00000000000001);
#152=CIRCLE('',#2872,3.00000000000001);
#153=CIRCLE('',#2875,2.99999999999999);
#154=CIRCLE('',#2876,2.99999999999999);
#155=CIRCLE('',#2879,2.99999999999999);
#156=CIRCLE('',#2880,2.99999999999999);
#157=CIRCLE('',#2883,2.99999999999998);
#158=CIRCLE('',#2884,2.99999999999998);
#159=CYLINDRICAL_SURFACE('',#2639,3.00000000000001);
#160=CYLINDRICAL_SURFACE('',#2643,2.99999999999999);
#161=CYLINDRICAL_SURFACE('',#2647,2.99999999999999);
#162=CYLINDRICAL_SURFACE('',#2651,2.99999999999998);
#163=CYLINDRICAL_SURFACE('',#2657,0.499999999999998);
#164=CYLINDRICAL_SURFACE('',#2661,0.499999999999998);
#165=CYLINDRICAL_SURFACE('',#2665,0.499999999999998);
#166=CYLINDRICAL_SURFACE('',#2668,0.500000000000003);
#167=CYLINDRICAL_SURFACE('',#2675,0.499999999999998);
#168=CYLINDRICAL_SURFACE('',#2679,0.499999999999998);
#169=CYLINDRICAL_SURFACE('',#2683,0.499999999999998);
#170=CYLINDRICAL_SURFACE('',#2686,0.499999999999998);
#171=CYLINDRICAL_SURFACE('',#2689,0.500000000000003);
#172=CYLINDRICAL_SURFACE('',#2693,0.499999999999998);
#173=CYLINDRICAL_SURFACE('',#2697,0.499999999999998);
#174=CYLINDRICAL_SURFACE('',#2700,0.499999999999998);
#175=CYLINDRICAL_SURFACE('',#2704,0.500000000000003);
#176=CYLINDRICAL_SURFACE('',#2708,0.499999999999998);
#177=CYLINDRICAL_SURFACE('',#2712,0.499999999999998);
#178=CYLINDRICAL_SURFACE('',#2716,0.499999999999998);
#179=CYLINDRICAL_SURFACE('',#2719,0.500000000000003);
#180=CYLINDRICAL_SURFACE('',#2723,0.499999999999998);
#181=CYLINDRICAL_SURFACE('',#2727,0.499999999999998);
#182=CYLINDRICAL_SURFACE('',#2730,0.499999999999998);
#183=CYLINDRICAL_SURFACE('',#2733,0.500000000000003);
#184=CYLINDRICAL_SURFACE('',#2738,0.499999999999998);
#185=CYLINDRICAL_SURFACE('',#2742,0.500000000000003);
#186=CYLINDRICAL_SURFACE('',#2746,0.499999999999998);
#187=CYLINDRICAL_SURFACE('',#2750,0.499999999999996);
#188=CYLINDRICAL_SURFACE('',#2755,0.499999999999997);
#189=CYLINDRICAL_SURFACE('',#2759,0.499999999999989);
#190=CYLINDRICAL_SURFACE('',#2781,0.499999999999998);
#191=CYLINDRICAL_SURFACE('',#2785,0.499999999999998);
#192=CYLINDRICAL_SURFACE('',#2789,0.499999999999998);
#193=CYLINDRICAL_SURFACE('',#2793,0.499999999999998);
#194=CYLINDRICAL_SURFACE('',#2797,0.500000000000003);
#195=CYLINDRICAL_SURFACE('',#2801,0.499999999999998);
#196=CYLINDRICAL_SURFACE('',#2805,0.499999999999998);
#197=CYLINDRICAL_SURFACE('',#2809,0.499999999999998);
#198=CYLINDRICAL_SURFACE('',#2813,0.499999999999998);
#199=CYLINDRICAL_SURFACE('',#2817,0.499999999999998);
#200=CYLINDRICAL_SURFACE('',#2821,0.499999999999998);
#201=CYLINDRICAL_SURFACE('',#2825,0.499999999999998);
#202=CYLINDRICAL_SURFACE('',#2829,0.499999999999998);
#203=CYLINDRICAL_SURFACE('',#2832,0.499999999999998);
#204=CYLINDRICAL_SURFACE('',#2836,0.499999999999998);
#205=CYLINDRICAL_SURFACE('',#2841,0.499999999999998);
#206=CYLINDRICAL_SURFACE('',#2844,0.499999999999998);
#207=CYLINDRICAL_SURFACE('',#2847,0.499999999999998);
#208=CYLINDRICAL_SURFACE('',#2850,0.500000000000003);
#209=CYLINDRICAL_SURFACE('',#2853,0.499999999999998);
#210=CYLINDRICAL_SURFACE('',#2856,0.500000000000003);
#211=CYLINDRICAL_SURFACE('',#2859,0.499999999999998);
#212=CYLINDRICAL_SURFACE('',#2861,0.500000000000003);
#213=CYLINDRICAL_SURFACE('',#2864,0.499999999999998);
#214=CYLINDRICAL_SURFACE('',#2867,0.499999999999998);
#215=CYLINDRICAL_SURFACE('',#2870,3.00000000000001);
#216=CYLINDRICAL_SURFACE('',#2874,2.99999999999999);
#217=CYLINDRICAL_SURFACE('',#2878,2.99999999999999);
#218=CYLINDRICAL_SURFACE('',#2882,2.99999999999998);
#219=FACE_OUTER_BOUND('',#351,.T.);
#220=FACE_OUTER_BOUND('',#352,.T.);
#221=FACE_OUTER_BOUND('',#353,.T.);
#222=FACE_OUTER_BOUND('',#354,.T.);
#223=FACE_OUTER_BOUND('',#355,.T.);
#224=FACE_OUTER_BOUND('',#356,.T.);
#225=FACE_OUTER_BOUND('',#357,.T.);
#226=FACE_OUTER_BOUND('',#358,.T.);
#227=FACE_OUTER_BOUND('',#359,.T.);
#228=FACE_OUTER_BOUND('',#360,.T.);
#229=FACE_OUTER_BOUND('',#361,.T.);
#230=FACE_OUTER_BOUND('',#362,.T.);
#231=FACE_OUTER_BOUND('',#363,.T.);
#232=FACE_OUTER_BOUND('',#365,.T.);
#233=FACE_OUTER_BOUND('',#366,.T.);
#234=FACE_OUTER_BOUND('',#367,.T.);
#235=FACE_OUTER_BOUND('',#368,.T.);
#236=FACE_OUTER_BOUND('',#369,.T.);
#237=FACE_OUTER_BOUND('',#370,.T.);
#238=FACE_OUTER_BOUND('',#371,.T.);
#239=FACE_OUTER_BOUND('',#372,.T.);
#240=FACE_OUTER_BOUND('',#373,.T.);
#241=FACE_OUTER_BOUND('',#374,.T.);
#242=FACE_OUTER_BOUND('',#375,.T.);
#243=FACE_OUTER_BOUND('',#376,.T.);
#244=FACE_OUTER_BOUND('',#377,.T.);
#245=FACE_OUTER_BOUND('',#378,.T.);
#246=FACE_OUTER_BOUND('',#379,.T.);
#247=FACE_OUTER_BOUND('',#380,.T.);
#248=FACE_OUTER_BOUND('',#381,.T.);
#249=FACE_OUTER_BOUND('',#382,.T.);
#250=FACE_OUTER_BOUND('',#383,.T.);
#251=FACE_OUTER_BOUND('',#384,.T.);
#252=FACE_OUTER_BOUND('',#385,.T.);
#253=FACE_OUTER_BOUND('',#386,.T.);
#254=FACE_OUTER_BOUND('',#387,.T.);
#255=FACE_OUTER_BOUND('',#388,.T.);
#256=FACE_OUTER_BOUND('',#389,.T.);
#257=FACE_OUTER_BOUND('',#390,.T.);
#258=FACE_OUTER_BOUND('',#391,.T.);
#259=FACE_OUTER_BOUND('',#392,.T.);
#260=FACE_OUTER_BOUND('',#393,.T.);
#261=FACE_OUTER_BOUND('',#394,.T.);
#262=FACE_OUTER_BOUND('',#395,.T.);
#263=FACE_OUTER_BOUND('',#396,.T.);
#264=FACE_OUTER_BOUND('',#397,.T.);
#265=FACE_OUTER_BOUND('',#398,.T.);
#266=FACE_OUTER_BOUND('',#399,.T.);
#267=FACE_OUTER_BOUND('',#400,.T.);
#268=FACE_OUTER_BOUND('',#401,.T.);
#269=FACE_OUTER_BOUND('',#402,.T.);
#270=FACE_OUTER_BOUND('',#403,.T.);
#271=FACE_OUTER_BOUND('',#404,.T.);
#272=FACE_OUTER_BOUND('',#405,.T.);
#273=FACE_OUTER_BOUND('',#406,.T.);
#274=FACE_OUTER_BOUND('',#407,.T.);
#275=FACE_OUTER_BOUND('',#408,.T.);
#276=FACE_OUTER_BOUND('',#409,.T.);
#277=FACE_OUTER_BOUND('',#410,.T.);
#278=FACE_OUTER_BOUND('',#411,.T.);
#279=FACE_OUTER_BOUND('',#412,.T.);
#280=FACE_OUTER_BOUND('',#413,.T.);
#281=FACE_OUTER_BOUND('',#414,.T.);
#282=FACE_OUTER_BOUND('',#415,.T.);
#283=FACE_OUTER_BOUND('',#416,.T.);
#284=FACE_OUTER_BOUND('',#417,.T.);
#285=FACE_OUTER_BOUND('',#418,.T.);
#286=FACE_OUTER_BOUND('',#419,.T.);
#287=FACE_OUTER_BOUND('',#420,.T.);
#288=FACE_OUTER_BOUND('',#421,.T.);
#289=FACE_OUTER_BOUND('',#422,.T.);
#290=FACE_OUTER_BOUND('',#423,.T.);
#291=FACE_OUTER_BOUND('',#424,.T.);
#292=FACE_OUTER_BOUND('',#425,.T.);
#293=FACE_OUTER_BOUND('',#426,.T.);
#294=FACE_OUTER_BOUND('',#427,.T.);
#295=FACE_OUTER_BOUND('',#428,.T.);
#296=FACE_OUTER_BOUND('',#429,.T.);
#297=FACE_OUTER_BOUND('',#430,.T.);
#298=FACE_OUTER_BOUND('',#431,.T.);
#299=FACE_OUTER_BOUND('',#432,.T.);
#300=FACE_OUTER_BOUND('',#433,.T.);
#301=FACE_OUTER_BOUND('',#434,.T.);
#302=FACE_OUTER_BOUND('',#435,.T.);
#303=FACE_OUTER_BOUND('',#436,.T.);
#304=FACE_OUTER_BOUND('',#437,.T.);
#305=FACE_OUTER_BOUND('',#438,.T.);
#306=FACE_OUTER_BOUND('',#439,.T.);
#307=FACE_OUTER_BOUND('',#440,.T.);
#308=FACE_OUTER_BOUND('',#441,.T.);
#309=FACE_OUTER_BOUND('',#442,.T.);
#310=FACE_OUTER_BOUND('',#443,.T.);
#311=FACE_OUTER_BOUND('',#444,.T.);
#312=FACE_OUTER_BOUND('',#445,.T.);
#313=FACE_OUTER_BOUND('',#446,.T.);
#314=FACE_OUTER_BOUND('',#447,.T.);
#315=FACE_OUTER_BOUND('',#448,.T.);
#316=FACE_OUTER_BOUND('',#449,.T.);
#317=FACE_OUTER_BOUND('',#450,.T.);
#318=FACE_OUTER_BOUND('',#451,.T.);
#319=FACE_OUTER_BOUND('',#452,.T.);
#320=FACE_OUTER_BOUND('',#453,.T.);
#321=FACE_OUTER_BOUND('',#454,.T.);
#322=FACE_OUTER_BOUND('',#455,.T.);
#323=FACE_OUTER_BOUND('',#456,.T.);
#324=FACE_OUTER_BOUND('',#457,.T.);
#325=FACE_OUTER_BOUND('',#458,.T.);
#326=FACE_OUTER_BOUND('',#459,.T.);
#327=FACE_OUTER_BOUND('',#460,.T.);
#328=FACE_OUTER_BOUND('',#461,.T.);
#329=FACE_OUTER_BOUND('',#462,.T.);
#330=FACE_OUTER_BOUND('',#463,.T.);
#331=FACE_OUTER_BOUND('',#464,.T.);
#332=FACE_OUTER_BOUND('',#465,.T.);
#333=FACE_OUTER_BOUND('',#466,.T.);
#334=FACE_OUTER_BOUND('',#467,.T.);
#335=FACE_OUTER_BOUND('',#468,.T.);
#336=FACE_OUTER_BOUND('',#469,.T.);
#337=FACE_OUTER_BOUND('',#470,.T.);
#338=FACE_OUTER_BOUND('',#471,.T.);
#339=FACE_OUTER_BOUND('',#472,.T.);
#340=FACE_OUTER_BOUND('',#473,.T.);
#341=FACE_OUTER_BOUND('',#474,.T.);
#342=FACE_OUTER_BOUND('',#475,.T.);
#343=FACE_OUTER_BOUND('',#476,.T.);
#344=FACE_OUTER_BOUND('',#477,.T.);
#345=FACE_OUTER_BOUND('',#478,.T.);
#346=FACE_OUTER_BOUND('',#479,.T.);
#347=FACE_OUTER_BOUND('',#480,.T.);
#348=FACE_OUTER_BOUND('',#481,.T.);
#349=FACE_OUTER_BOUND('',#482,.T.);
#350=FACE_OUTER_BOUND('',#493,.T.);
#351=EDGE_LOOP('',(#1655,#1656,#1657,#1658));
#352=EDGE_LOOP('',(#1659,#1660,#1661,#1662));
#353=EDGE_LOOP('',(#1663,#1664,#1665,#1666));
#354=EDGE_LOOP('',(#1667,#1668,#1669,#1670));
#355=EDGE_LOOP('',(#1671,#1672,#1673,#1674));
#356=EDGE_LOOP('',(#1675,#1676,#1677,#1678));
#357=EDGE_LOOP('',(#1679,#1680,#1681,#1682));
#358=EDGE_LOOP('',(#1683,#1684,#1685,#1686));
#359=EDGE_LOOP('',(#1687,#1688,#1689,#1690));
#360=EDGE_LOOP('',(#1691,#1692,#1693,#1694));
#361=EDGE_LOOP('',(#1695,#1696,#1697,#1698));
#362=EDGE_LOOP('',(#1699,#1700,#1701,#1702));
#363=EDGE_LOOP('',(#1703,#1704,#1705,#1706,#1707,#1708,#1709,#1710));
#364=EDGE_LOOP('',(#1711,#1712,#1713,#1714));
#365=EDGE_LOOP('',(#1715,#1716,#1717,#1718));
#366=EDGE_LOOP('',(#1719,#1720,#1721,#1722,#1723,#1724,#1725,#1726));
#367=EDGE_LOOP('',(#1727,#1728,#1729,#1730));
#368=EDGE_LOOP('',(#1731,#1732,#1733,#1734));
#369=EDGE_LOOP('',(#1735,#1736,#1737,#1738));
#370=EDGE_LOOP('',(#1739,#1740,#1741,#1742));
#371=EDGE_LOOP('',(#1743,#1744,#1745,#1746));
#372=EDGE_LOOP('',(#1747,#1748,#1749,#1750));
#373=EDGE_LOOP('',(#1751,#1752,#1753,#1754,#1755,#1756,#1757,#1758));
#374=EDGE_LOOP('',(#1759,#1760,#1761,#1762,#1763,#1764));
#375=EDGE_LOOP('',(#1765,#1766,#1767,#1768));
#376=EDGE_LOOP('',(#1769,#1770,#1771,#1772));
#377=EDGE_LOOP('',(#1773,#1774,#1775,#1776));
#378=EDGE_LOOP('',(#1777,#1778,#1779,#1780));
#379=EDGE_LOOP('',(#1781,#1782,#1783,#1784));
#380=EDGE_LOOP('',(#1785,#1786,#1787,#1788));
#381=EDGE_LOOP('',(#1789,#1790,#1791,#1792));
#382=EDGE_LOOP('',(#1793,#1794,#1795,#1796));
#383=EDGE_LOOP('',(#1797,#1798,#1799,#1800));
#384=EDGE_LOOP('',(#1801,#1802,#1803,#1804));
#385=EDGE_LOOP('',(#1805,#1806,#1807,#1808));
#386=EDGE_LOOP('',(#1809,#1810,#1811,#1812));
#387=EDGE_LOOP('',(#1813,#1814,#1815,#1816));
#388=EDGE_LOOP('',(#1817,#1818,#1819,#1820));
#389=EDGE_LOOP('',(#1821,#1822,#1823,#1824));
#390=EDGE_LOOP('',(#1825,#1826,#1827,#1828));
#391=EDGE_LOOP('',(#1829,#1830,#1831,#1832));
#392=EDGE_LOOP('',(#1833,#1834,#1835,#1836));
#393=EDGE_LOOP('',(#1837,#1838,#1839,#1840));
#394=EDGE_LOOP('',(#1841,#1842,#1843,#1844));
#395=EDGE_LOOP('',(#1845,#1846,#1847,#1848));
#396=EDGE_LOOP('',(#1849,#1850,#1851,#1852));
#397=EDGE_LOOP('',(#1853,#1854,#1855,#1856));
#398=EDGE_LOOP('',(#1857,#1858,#1859,#1860));
#399=EDGE_LOOP('',(#1861,#1862,#1863,#1864));
#400=EDGE_LOOP('',(#1865,#1866,#1867,#1868));
#401=EDGE_LOOP('',(#1869,#1870,#1871,#1872,#1873,#1874));
#402=EDGE_LOOP('',(#1875,#1876,#1877,#1878));
#403=EDGE_LOOP('',(#1879,#1880,#1881,#1882));
#404=EDGE_LOOP('',(#1883,#1884,#1885,#1886));
#405=EDGE_LOOP('',(#1887,#1888,#1889,#1890));
#406=EDGE_LOOP('',(#1891,#1892,#1893,#1894));
#407=EDGE_LOOP('',(#1895,#1896,#1897,#1898));
#408=EDGE_LOOP('',(#1899,#1900,#1901,#1902,#1903,#1904));
#409=EDGE_LOOP('',(#1905,#1906,#1907,#1908));
#410=EDGE_LOOP('',(#1909,#1910,#1911,#1912));
#411=EDGE_LOOP('',(#1913,#1914,#1915,#1916));
#412=EDGE_LOOP('',(#1917,#1918,#1919,#1920));
#413=EDGE_LOOP('',(#1921,#1922,#1923,#1924));
#414=EDGE_LOOP('',(#1925,#1926,#1927,#1928));
#415=EDGE_LOOP('',(#1929,#1930,#1931,#1932,#1933,#1934,#1935,#1936));
#416=EDGE_LOOP('',(#1937,#1938,#1939,#1940,#1941,#1942));
#417=EDGE_LOOP('',(#1943,#1944,#1945,#1946,#1947,#1948,#1949,#1950));
#418=EDGE_LOOP('',(#1951,#1952,#1953,#1954,#1955,#1956));
#419=EDGE_LOOP('',(#1957,#1958,#1959,#1960,#1961,#1962,#1963,#1964));
#420=EDGE_LOOP('',(#1965,#1966,#1967,#1968,#1969,#1970));
#421=EDGE_LOOP('',(#1971,#1972,#1973,#1974));
#422=EDGE_LOOP('',(#1975,#1976,#1977,#1978,#1979,#1980,#1981,#1982));
#423=EDGE_LOOP('',(#1983,#1984,#1985,#1986,#1987,#1988));
#424=EDGE_LOOP('',(#1989,#1990,#1991,#1992));
#425=EDGE_LOOP('',(#1993,#1994,#1995,#1996));
#426=EDGE_LOOP('',(#1997,#1998,#1999,#2000));
#427=EDGE_LOOP('',(#2001,#2002,#2003,#2004));
#428=EDGE_LOOP('',(#2005,#2006,#2007,#2008));
#429=EDGE_LOOP('',(#2009,#2010,#2011,#2012));
#430=EDGE_LOOP('',(#2013,#2014,#2015,#2016));
#431=EDGE_LOOP('',(#2017,#2018,#2019,#2020));
#432=EDGE_LOOP('',(#2021,#2022,#2023,#2024));
#433=EDGE_LOOP('',(#2025,#2026,#2027,#2028));
#434=EDGE_LOOP('',(#2029,#2030,#2031,#2032));
#435=EDGE_LOOP('',(#2033,#2034,#2035,#2036));
#436=EDGE_LOOP('',(#2037,#2038,#2039,#2040));
#437=EDGE_LOOP('',(#2041,#2042,#2043,#2044));
#438=EDGE_LOOP('',(#2045,#2046,#2047,#2048));
#439=EDGE_LOOP('',(#2049,#2050,#2051,#2052));
#440=EDGE_LOOP('',(#2053,#2054,#2055,#2056));
#441=EDGE_LOOP('',(#2057,#2058,#2059,#2060));
#442=EDGE_LOOP('',(#2061,#2062,#2063,#2064));
#443=EDGE_LOOP('',(#2065,#2066,#2067,#2068));
#444=EDGE_LOOP('',(#2069,#2070,#2071,#2072));
#445=EDGE_LOOP('',(#2073,#2074,#2075,#2076));
#446=EDGE_LOOP('',(#2077,#2078,#2079,#2080));
#447=EDGE_LOOP('',(#2081,#2082,#2083,#2084));
#448=EDGE_LOOP('',(#2085,#2086,#2087,#2088));
#449=EDGE_LOOP('',(#2089,#2090,#2091,#2092));
#450=EDGE_LOOP('',(#2093,#2094,#2095,#2096));
#451=EDGE_LOOP('',(#2097,#2098,#2099,#2100,#2101));
#452=EDGE_LOOP('',(#2102,#2103,#2104,#2105));
#453=EDGE_LOOP('',(#2106,#2107,#2108,#2109));
#454=EDGE_LOOP('',(#2110,#2111,#2112,#2113,#2114,#2115,#2116,#2117,#2118,
#2119));
#455=EDGE_LOOP('',(#2120,#2121,#2122,#2123));
#456=EDGE_LOOP('',(#2124,#2125,#2126,#2127));
#457=EDGE_LOOP('',(#2128,#2129,#2130,#2131,#2132,#2133));
#458=EDGE_LOOP('',(#2134,#2135,#2136,#2137));
#459=EDGE_LOOP('',(#2138,#2139,#2140,#2141));
#460=EDGE_LOOP('',(#2142,#2143,#2144,#2145));
#461=EDGE_LOOP('',(#2146,#2147,#2148,#2149,#2150,#2151));
#462=EDGE_LOOP('',(#2152,#2153,#2154,#2155));
#463=EDGE_LOOP('',(#2156,#2157,#2158,#2159));
#464=EDGE_LOOP('',(#2160,#2161,#2162,#2163));
#465=EDGE_LOOP('',(#2164,#2165,#2166,#2167,#2168,#2169));
#466=EDGE_LOOP('',(#2170,#2171,#2172,#2173));
#467=EDGE_LOOP('',(#2174,#2175,#2176,#2177));
#468=EDGE_LOOP('',(#2178,#2179,#2180,#2181));
#469=EDGE_LOOP('',(#2182,#2183,#2184,#2185));
#470=EDGE_LOOP('',(#2186,#2187,#2188,#2189));
#471=EDGE_LOOP('',(#2190,#2191,#2192,#2193));
#472=EDGE_LOOP('',(#2194,#2195,#2196,#2197,#2198,#2199));
#473=EDGE_LOOP('',(#2200,#2201,#2202,#2203));
#474=EDGE_LOOP('',(#2204,#2205,#2206,#2207));
#475=EDGE_LOOP('',(#2208,#2209,#2210,#2211));
#476=EDGE_LOOP('',(#2212,#2213,#2214,#2215));
#477=EDGE_LOOP('',(#2216,#2217,#2218,#2219));
#478=EDGE_LOOP('',(#2220,#2221,#2222,#2223));
#479=EDGE_LOOP('',(#2224,#2225,#2226,#2227));
#480=EDGE_LOOP('',(#2228,#2229,#2230,#2231));
#481=EDGE_LOOP('',(#2232,#2233,#2234,#2235));
#482=EDGE_LOOP('',(#2236,#2237,#2238,#2239,#2240,#2241,#2242,#2243));
#483=EDGE_LOOP('',(#2244,#2245,#2246,#2247,#2248,#2249,#2250,#2251));
#484=EDGE_LOOP('',(#2252,#2253,#2254,#2255,#2256,#2257,#2258,#2259));
#485=EDGE_LOOP('',(#2260,#2261,#2262,#2263,#2264,#2265,#2266,#2267));
#486=EDGE_LOOP('',(#2268,#2269,#2270,#2271,#2272,#2273,#2274,#2275,#2276,
#2277));
#487=EDGE_LOOP('',(#2278,#2279,#2280,#2281,#2282,#2283,#2284,#2285));
#488=EDGE_LOOP('',(#2286,#2287,#2288,#2289,#2290,#2291,#2292,#2293,#2294));
#489=EDGE_LOOP('',(#2295,#2296,#2297,#2298,#2299,#2300,#2301,#2302));
#490=EDGE_LOOP('',(#2303,#2304,#2305,#2306,#2307,#2308,#2309,#2310));
#491=EDGE_LOOP('',(#2311,#2312,#2313,#2314,#2315,#2316,#2317,#2318));
#492=EDGE_LOOP('',(#2319,#2320,#2321,#2322,#2323,#2324,#2325,#2326));
#493=EDGE_LOOP('',(#2327,#2328,#2329,#2330,#2331,#2332,#2333,#2334));
#494=EDGE_LOOP('',(#2335,#2336,#2337,#2338,#2339,#2340,#2341,#2342));
#495=EDGE_LOOP('',(#2343,#2344,#2345,#2346,#2347,#2348,#2349,#2350));
#496=EDGE_LOOP('',(#2351,#2352,#2353,#2354,#2355,#2356,#2357,#2358));
#497=EDGE_LOOP('',(#2359,#2360,#2361,#2362,#2363,#2364,#2365,#2366));
#498=EDGE_LOOP('',(#2367,#2368,#2369,#2370,#2371,#2372,#2373,#2374));
#499=EDGE_LOOP('',(#2375,#2376,#2377,#2378,#2379,#2380,#2381,#2382));
#500=EDGE_LOOP('',(#2383,#2384,#2385,#2386,#2387,#2388,#2389,#2390));
#501=EDGE_LOOP('',(#2391,#2392,#2393,#2394,#2395,#2396,#2397,#2398));
#502=EDGE_LOOP('',(#2399,#2400,#2401,#2402,#2403,#2404,#2405,#2406));
#503=EDGE_LOOP('',(#2407,#2408,#2409,#2410,#2411,#2412,#2413,#2414));
#504=LINE('',#3658,#763);
#505=LINE('',#3660,#764);
#506=LINE('',#3662,#765);
#507=LINE('',#3663,#766);
#508=LINE('',#3666,#767);
#509=LINE('',#3668,#768);
#510=LINE('',#3669,#769);
#511=LINE('',#3672,#770);
#512=LINE('',#3674,#771);
#513=LINE('',#3675,#772);
#514=LINE('',#3677,#773);
#515=LINE('',#3678,#774);
#516=LINE('',#3682,#775);
#517=LINE('',#3684,#776);
#518=LINE('',#3686,#777);
#519=LINE('',#3687,#778);
#520=LINE('',#3693,#779);
#521=LINE('',#3696,#780);
#522=LINE('',#3698,#781);
#523=LINE('',#3699,#782);
#524=LINE('',#3705,#783);
#525=LINE('',#3708,#784);
#526=LINE('',#3710,#785);
#527=LINE('',#3711,#786);
#528=LINE('',#3717,#787);
#529=LINE('',#3720,#788);
#530=LINE('',#3722,#789);
#531=LINE('',#3723,#790);
#532=LINE('',#3735,#791);
#533=LINE('',#3738,#792);
#534=LINE('',#3741,#793);
#535=LINE('',#3743,#794);
#536=LINE('',#3744,#795);
#537=LINE('',#3750,#796);
#538=LINE('',#3754,#797);
#539=LINE('',#3756,#798);
#540=LINE('',#3758,#799);
#541=LINE('',#3759,#800);
#542=LINE('',#3764,#801);
#543=LINE('',#3771,#802);
#544=LINE('',#3774,#803);
#545=LINE('',#3778,#804);
#546=LINE('',#3781,#805);
#547=LINE('',#3784,#806);
#548=LINE('',#3785,#807);
#549=LINE('',#3786,#808);
#550=LINE('',#3792,#809);
#551=LINE('',#3795,#810);
#552=LINE('',#3798,#811);
#553=LINE('',#3800,#812);
#554=LINE('',#3801,#813);
#555=LINE('',#3807,#814);
#556=LINE('',#3811,#815);
#557=LINE('',#3813,#816);
#558=LINE('',#3815,#817);
#559=LINE('',#3816,#818);
#560=LINE('',#3821,#819);
#561=LINE('',#3828,#820);
#562=LINE('',#3834,#821);
#563=LINE('',#3837,#822);
#564=LINE('',#3840,#823);
#565=LINE('',#3842,#824);
#566=LINE('',#3843,#825);
#567=LINE('',#3849,#826);
#568=LINE('',#3853,#827);
#569=LINE('',#3855,#828);
#570=LINE('',#3857,#829);
#571=LINE('',#3858,#830);
#572=LINE('',#3863,#831);
#573=LINE('',#3870,#832);
#574=LINE('',#3874,#833);
#575=LINE('',#3876,#834);
#576=LINE('',#3878,#835);
#577=LINE('',#3879,#836);
#578=LINE('',#3884,#837);
#579=LINE('',#3888,#838);
#580=LINE('',#3890,#839);
#581=LINE('',#3891,#840);
#582=LINE('',#3896,#841);
#583=LINE('',#3900,#842);
#584=LINE('',#3902,#843);
#585=LINE('',#3903,#844);
#586=LINE('',#3908,#845);
#587=LINE('',#3912,#846);
#588=LINE('',#3914,#847);
#589=LINE('',#3915,#848);
#590=LINE('',#3924,#849);
#591=LINE('',#3927,#850);
#592=LINE('',#3930,#851);
#593=LINE('',#3932,#852);
#594=LINE('',#3933,#853);
#595=LINE('',#3939,#854);
#596=LINE('',#3943,#855);
#597=LINE('',#3945,#856);
#598=LINE('',#3947,#857);
#599=LINE('',#3948,#858);
#600=LINE('',#3953,#859);
#601=LINE('',#3960,#860);
#602=LINE('',#3964,#861);
#603=LINE('',#3968,#862);
#604=LINE('',#3972,#863);
#605=LINE('',#3976,#864);
#606=LINE('',#3978,#865);
#607=LINE('',#3979,#866);
#608=LINE('',#3985,#867);
#609=LINE('',#3989,#868);
#610=LINE('',#3991,#869);
#611=LINE('',#3993,#870);
#612=LINE('',#3994,#871);
#613=LINE('',#3999,#872);
#614=LINE('',#4002,#873);
#615=LINE('',#4003,#874);
#616=LINE('',#4009,#875);
#617=LINE('',#4013,#876);
#618=LINE('',#4015,#877);
#619=LINE('',#4017,#878);
#620=LINE('',#4019,#879);
#621=LINE('',#4021,#880);
#622=LINE('',#4022,#881);
#623=LINE('',#4027,#882);
#624=LINE('',#4031,#883);
#625=LINE('',#4033,#884);
#626=LINE('',#4034,#885);
#627=LINE('',#4038,#886);
#628=LINE('',#4040,#887);
#629=LINE('',#4042,#888);
#630=LINE('',#4043,#889);
#631=LINE('',#4049,#890);
#632=LINE('',#4052,#891);
#633=LINE('',#4054,#892);
#634=LINE('',#4055,#893);
#635=LINE('',#4061,#894);
#636=LINE('',#4065,#895);
#637=LINE('',#4068,#896);
#638=LINE('',#4071,#897);
#639=LINE('',#4072,#898);
#640=LINE('',#4073,#899);
#641=LINE('',#4076,#900);
#642=LINE('',#4080,#901);
#643=LINE('',#4083,#902);
#644=LINE('',#4086,#903);
#645=LINE('',#4087,#904);
#646=LINE('',#4088,#905);
#647=LINE('',#4091,#906);
#648=LINE('',#4095,#907);
#649=LINE('',#4098,#908);
#650=LINE('',#4101,#909);
#651=LINE('',#4102,#910);
#652=LINE('',#4103,#911);
#653=LINE('',#4106,#912);
#654=LINE('',#4108,#913);
#655=LINE('',#4109,#914);
#656=LINE('',#4112,#915);
#657=LINE('',#4116,#916);
#658=LINE('',#4120,#917);
#659=LINE('',#4121,#918);
#660=LINE('',#4122,#919);
#661=LINE('',#4125,#920);
#662=LINE('',#4127,#921);
#663=LINE('',#4128,#922);
#664=LINE('',#4132,#923);
#665=LINE('',#4134,#924);
#666=LINE('',#4136,#925);
#667=LINE('',#4137,#926);
#668=LINE('',#4142,#927);
#669=LINE('',#4146,#928);
#670=LINE('',#4148,#929);
#671=LINE('',#4149,#930);
#672=LINE('',#4154,#931);
#673=LINE('',#4158,#932);
#674=LINE('',#4160,#933);
#675=LINE('',#4161,#934);
#676=LINE('',#4166,#935);
#677=LINE('',#4170,#936);
#678=LINE('',#4172,#937);
#679=LINE('',#4173,#938);
#680=LINE('',#4180,#939);
#681=LINE('',#4182,#940);
#682=LINE('',#4184,#941);
#683=LINE('',#4185,#942);
#684=LINE('',#4190,#943);
#685=LINE('',#4194,#944);
#686=LINE('',#4196,#945);
#687=LINE('',#4197,#946);
#688=LINE('',#4202,#947);
#689=LINE('',#4206,#948);
#690=LINE('',#4208,#949);
#691=LINE('',#4209,#950);
#692=LINE('',#4214,#951);
#693=LINE('',#4218,#952);
#694=LINE('',#4220,#953);
#695=LINE('',#4221,#954);
#696=LINE('',#4228,#955);
#697=LINE('',#4230,#956);
#698=LINE('',#4232,#957);
#699=LINE('',#4233,#958);
#700=LINE('',#4238,#959);
#701=LINE('',#4242,#960);
#702=LINE('',#4244,#961);
#703=LINE('',#4245,#962);
#704=LINE('',#4250,#963);
#705=LINE('',#4254,#964);
#706=LINE('',#4256,#965);
#707=LINE('',#4257,#966);
#708=LINE('',#4262,#967);
#709=LINE('',#4266,#968);
#710=LINE('',#4268,#969);
#711=LINE('',#4269,#970);
#712=LINE('',#4276,#971);
#713=LINE('',#4278,#972);
#714=LINE('',#4280,#973);
#715=LINE('',#4281,#974);
#716=LINE('',#4289,#975);
#717=LINE('',#4292,#976);
#718=LINE('',#4294,#977);
#719=LINE('',#4295,#978);
#720=LINE('',#4303,#979);
#721=LINE('',#4304,#980);
#722=LINE('',#4305,#981);
#723=LINE('',#4310,#982);
#724=LINE('',#4311,#983);
#725=LINE('',#4312,#984);
#726=LINE('',#4318,#985);
#727=LINE('',#4319,#986);
#728=LINE('',#4320,#987);
#729=LINE('',#4325,#988);
#730=LINE('',#4326,#989);
#731=LINE('',#4327,#990);
#732=LINE('',#4333,#991);
#733=LINE('',#4334,#992);
#734=LINE('',#4335,#993);
#735=LINE('',#4340,#994);
#736=LINE('',#4341,#995);
#737=LINE('',#4342,#996);
#738=LINE('',#4348,#997);
#739=LINE('',#4349,#998);
#740=LINE('',#4350,#999);
#741=LINE('',#4358,#1000);
#742=LINE('',#4359,#1001);
#743=LINE('',#4360,#1002);
#744=LINE('',#4365,#1003);
#745=LINE('',#4366,#1004);
#746=LINE('',#4367,#1005);
#747=LINE('',#4373,#1006);
#748=LINE('',#4375,#1007);
#749=LINE('',#4377,#1008);
#750=LINE('',#4378,#1009);
#751=LINE('',#4384,#1010);
#752=LINE('',#4387,#1011);
#753=LINE('',#4389,#1012);
#754=LINE('',#4390,#1013);
#755=LINE('',#4396,#1014);
#756=LINE('',#4399,#1015);
#757=LINE('',#4401,#1016);
#758=LINE('',#4402,#1017);
#759=LINE('',#4408,#1018);
#760=LINE('',#4411,#1019);
#761=LINE('',#4413,#1020);
#762=LINE('',#4414,#1021);
#763=VECTOR('',#2891,10.);
#764=VECTOR('',#2892,10.);
#765=VECTOR('',#2893,10.);
#766=VECTOR('',#2894,10.);
#767=VECTOR('',#2897,10.);
#768=VECTOR('',#2898,10.);
#769=VECTOR('',#2899,10.);
#770=VECTOR('',#2902,10.);
#771=VECTOR('',#2903,10.);
#772=VECTOR('',#2904,10.);
#773=VECTOR('',#2907,10.);
#774=VECTOR('',#2908,10.);
#775=VECTOR('',#2911,10.);
#776=VECTOR('',#2912,10.);
#777=VECTOR('',#2913,10.);
#778=VECTOR('',#2914,10.);
#779=VECTOR('',#2921,10.);
#780=VECTOR('',#2924,10.);
#781=VECTOR('',#2925,10.);
#782=VECTOR('',#2926,10.);
#783=VECTOR('',#2933,10.);
#784=VECTOR('',#2936,10.);
#785=VECTOR('',#2937,10.);
#786=VECTOR('',#2938,10.);
#787=VECTOR('',#2945,10.);
#788=VECTOR('',#2948,10.);
#789=VECTOR('',#2949,10.);
#790=VECTOR('',#2950,10.);
#791=VECTOR('',#2967,10.);
#792=VECTOR('',#2970,10.);
#793=VECTOR('',#2973,10.);
#794=VECTOR('',#2974,10.);
#795=VECTOR('',#2975,10.);
#796=VECTOR('',#2982,10.);
#797=VECTOR('',#2985,10.);
#798=VECTOR('',#2986,10.);
#799=VECTOR('',#2987,10.);
#800=VECTOR('',#2988,10.);
#801=VECTOR('',#2993,10.);
#802=VECTOR('',#3002,10.);
#803=VECTOR('',#3005,10.);
#804=VECTOR('',#3008,10.);
#805=VECTOR('',#3011,10.);
#806=VECTOR('',#3014,10.);
#807=VECTOR('',#3015,10.);
#808=VECTOR('',#3016,10.);
#809=VECTOR('',#3021,10.);
#810=VECTOR('',#3024,10.);
#811=VECTOR('',#3027,10.);
#812=VECTOR('',#3028,10.);
#813=VECTOR('',#3029,10.);
#814=VECTOR('',#3036,10.);
#815=VECTOR('',#3039,10.);
#816=VECTOR('',#3040,10.);
#817=VECTOR('',#3041,10.);
#818=VECTOR('',#3042,10.);
#819=VECTOR('',#3047,10.);
#820=VECTOR('',#3056,10.);
#821=VECTOR('',#3061,10.);
#822=VECTOR('',#3064,10.);
#823=VECTOR('',#3067,10.);
#824=VECTOR('',#3068,10.);
#825=VECTOR('',#3069,10.);
#826=VECTOR('',#3076,10.);
#827=VECTOR('',#3079,10.);
#828=VECTOR('',#3080,10.);
#829=VECTOR('',#3081,10.);
#830=VECTOR('',#3082,10.);
#831=VECTOR('',#3087,10.);
#832=VECTOR('',#3096,10.);
#833=VECTOR('',#3099,10.);
#834=VECTOR('',#3100,10.);
#835=VECTOR('',#3101,10.);
#836=VECTOR('',#3102,10.);
#837=VECTOR('',#3107,10.);
#838=VECTOR('',#3112,10.);
#839=VECTOR('',#3113,10.);
#840=VECTOR('',#3114,10.);
#841=VECTOR('',#3119,10.);
#842=VECTOR('',#3124,10.);
#843=VECTOR('',#3125,10.);
#844=VECTOR('',#3126,10.);
#845=VECTOR('',#3131,10.);
#846=VECTOR('',#3136,10.);
#847=VECTOR('',#3137,10.);
#848=VECTOR('',#3138,10.);
#849=VECTOR('',#3149,10.);
#850=VECTOR('',#3152,10.);
#851=VECTOR('',#3155,10.);
#852=VECTOR('',#3156,10.);
#853=VECTOR('',#3157,10.);
#854=VECTOR('',#3164,10.);
#855=VECTOR('',#3167,10.);
#856=VECTOR('',#3168,10.);
#857=VECTOR('',#3169,10.);
#858=VECTOR('',#3170,10.);
#859=VECTOR('',#3175,10.);
#860=VECTOR('',#3184,10.);
#861=VECTOR('',#3187,10.);
#862=VECTOR('',#3190,10.);
#863=VECTOR('',#3193,10.);
#864=VECTOR('',#3198,10.);
#865=VECTOR('',#3199,10.);
#866=VECTOR('',#3200,10.);
#867=VECTOR('',#3207,10.);
#868=VECTOR('',#3210,10.);
#869=VECTOR('',#3211,10.);
#870=VECTOR('',#3212,10.);
#871=VECTOR('',#3213,10.);
#872=VECTOR('',#3218,10.);
#873=VECTOR('',#3223,10.);
#874=VECTOR('',#3224,10.);
#875=VECTOR('',#3231,10.);
#876=VECTOR('',#3234,10.);
#877=VECTOR('',#3235,10.);
#878=VECTOR('',#3236,10.);
#879=VECTOR('',#3237,10.);
#880=VECTOR('',#3238,10.);
#881=VECTOR('',#3239,10.);
#882=VECTOR('',#3244,10.);
#883=VECTOR('',#3249,10.);
#884=VECTOR('',#3250,10.);
#885=VECTOR('',#3251,10.);
#886=VECTOR('',#3254,10.);
#887=VECTOR('',#3255,10.);
#888=VECTOR('',#3256,10.);
#889=VECTOR('',#3257,10.);
#890=VECTOR('',#3264,10.);
#891=VECTOR('',#3267,10.);
#892=VECTOR('',#3268,10.);
#893=VECTOR('',#3269,10.);
#894=VECTOR('',#3278,10.);
#895=VECTOR('',#3281,10.);
#896=VECTOR('',#3284,10.);
#897=VECTOR('',#3287,10.);
#898=VECTOR('',#3288,10.);
#899=VECTOR('',#3289,10.);
#900=VECTOR('',#3292,10.);
#901=VECTOR('',#3295,10.);
#902=VECTOR('',#3298,10.);
#903=VECTOR('',#3301,10.);
#904=VECTOR('',#3302,10.);
#905=VECTOR('',#3303,10.);
#906=VECTOR('',#3306,10.);
#907=VECTOR('',#3309,10.);
#908=VECTOR('',#3312,10.);
#909=VECTOR('',#3315,10.);
#910=VECTOR('',#3316,10.);
#911=VECTOR('',#3317,10.);
#912=VECTOR('',#3320,10.);
#913=VECTOR('',#3321,10.);
#914=VECTOR('',#3322,10.);
#915=VECTOR('',#3325,10.);
#916=VECTOR('',#3328,10.);
#917=VECTOR('',#3333,10.);
#918=VECTOR('',#3334,10.);
#919=VECTOR('',#3335,10.);
#920=VECTOR('',#3338,10.);
#921=VECTOR('',#3339,10.);
#922=VECTOR('',#3340,10.);
#923=VECTOR('',#3343,10.);
#924=VECTOR('',#3344,10.);
#925=VECTOR('',#3345,10.);
#926=VECTOR('',#3346,10.);
#927=VECTOR('',#3351,10.);
#928=VECTOR('',#3356,10.);
#929=VECTOR('',#3357,10.);
#930=VECTOR('',#3358,10.);
#931=VECTOR('',#3363,10.);
#932=VECTOR('',#3368,10.);
#933=VECTOR('',#3369,10.);
#934=VECTOR('',#3370,10.);
#935=VECTOR('',#3375,10.);
#936=VECTOR('',#3380,10.);
#937=VECTOR('',#3381,10.);
#938=VECTOR('',#3382,10.);
#939=VECTOR('',#3391,10.);
#940=VECTOR('',#3392,10.);
#941=VECTOR('',#3393,10.);
#942=VECTOR('',#3394,10.);
#943=VECTOR('',#3399,10.);
#944=VECTOR('',#3404,10.);
#945=VECTOR('',#3405,10.);
#946=VECTOR('',#3406,10.);
#947=VECTOR('',#3411,10.);
#948=VECTOR('',#3416,10.);
#949=VECTOR('',#3417,10.);
#950=VECTOR('',#3418,10.);
#951=VECTOR('',#3423,10.);
#952=VECTOR('',#3428,10.);
#953=VECTOR('',#3429,10.);
#954=VECTOR('',#3430,10.);
#955=VECTOR('',#3439,10.);
#956=VECTOR('',#3440,10.);
#957=VECTOR('',#3441,10.);
#958=VECTOR('',#3442,10.);
#959=VECTOR('',#3447,10.);
#960=VECTOR('',#3452,10.);
#961=VECTOR('',#3453,10.);
#962=VECTOR('',#3454,10.);
#963=VECTOR('',#3459,10.);
#964=VECTOR('',#3464,10.);
#965=VECTOR('',#3465,10.);
#966=VECTOR('',#3466,10.);
#967=VECTOR('',#3471,10.);
#968=VECTOR('',#3476,10.);
#969=VECTOR('',#3477,10.);
#970=VECTOR('',#3478,10.);
#971=VECTOR('',#3487,10.);
#972=VECTOR('',#3488,10.);
#973=VECTOR('',#3489,10.);
#974=VECTOR('',#3490,10.);
#975=VECTOR('',#3503,10.);
#976=VECTOR('',#3506,10.);
#977=VECTOR('',#3507,10.);
#978=VECTOR('',#3508,10.);
#979=VECTOR('',#3519,10.);
#980=VECTOR('',#3520,10.);
#981=VECTOR('',#3521,10.);
#982=VECTOR('',#3528,10.);
#983=VECTOR('',#3529,10.);
#984=VECTOR('',#3530,10.);
#985=VECTOR('',#3537,10.);
#986=VECTOR('',#3538,10.);
#987=VECTOR('',#3539,10.);
#988=VECTOR('',#3546,10.);
#989=VECTOR('',#3547,10.);
#990=VECTOR('',#3548,10.);
#991=VECTOR('',#3555,10.);
#992=VECTOR('',#3556,10.);
#993=VECTOR('',#3557,10.);
#994=VECTOR('',#3564,10.);
#995=VECTOR('',#3565,10.);
#996=VECTOR('',#3566,10.);
#997=VECTOR('',#3573,10.);
#998=VECTOR('',#3574,10.);
#999=VECTOR('',#3575,10.);
#1000=VECTOR('',#3586,10.);
#1001=VECTOR('',#3587,10.);
#1002=VECTOR('',#3588,10.);
#1003=VECTOR('',#3595,10.);
#1004=VECTOR('',#3596,10.);
#1005=VECTOR('',#3597,10.);
#1006=VECTOR('',#3604,10.);
#1007=VECTOR('',#3605,10.);
#1008=VECTOR('',#3606,10.);
#1009=VECTOR('',#3607,10.);
#1010=VECTOR('',#3614,10.);
#1011=VECTOR('',#3617,10.);
#1012=VECTOR('',#3618,10.);
#1013=VECTOR('',#3619,10.);
#1014=VECTOR('',#3626,10.);
#1015=VECTOR('',#3629,10.);
#1016=VECTOR('',#3630,10.);
#1017=VECTOR('',#3631,10.);
#1018=VECTOR('',#3638,10.);
#1019=VECTOR('',#3641,10.);
#1020=VECTOR('',#3642,10.);
#1021=VECTOR('',#3643,10.);
#1022=VERTEX_POINT('',#3656);
#1023=VERTEX_POINT('',#3657);
#1024=VERTEX_POINT('',#3659);
#1025=VERTEX_POINT('',#3661);
#1026=VERTEX_POINT('',#3665);
#1027=VERTEX_POINT('',#3667);
#1028=VERTEX_POINT('',#3671);
#1029=VERTEX_POINT('',#3673);
#1030=VERTEX_POINT('',#3680);
#1031=VERTEX_POINT('',#3681);
#1032=VERTEX_POINT('',#3683);
#1033=VERTEX_POINT('',#3685);
#1034=VERTEX_POINT('',#3689);
#1035=VERTEX_POINT('',#3691);
#1036=VERTEX_POINT('',#3695);
#1037=VERTEX_POINT('',#3697);
#1038=VERTEX_POINT('',#3701);
#1039=VERTEX_POINT('',#3703);
#1040=VERTEX_POINT('',#3707);
#1041=VERTEX_POINT('',#3709);
#1042=VERTEX_POINT('',#3713);
#1043=VERTEX_POINT('',#3715);
#1044=VERTEX_POINT('',#3719);
#1045=VERTEX_POINT('',#3721);
#1046=VERTEX_POINT('',#3731);
#1047=VERTEX_POINT('',#3732);
#1048=VERTEX_POINT('',#3734);
#1049=VERTEX_POINT('',#3736);
#1050=VERTEX_POINT('',#3740);
#1051=VERTEX_POINT('',#3742);
#1052=VERTEX_POINT('',#3746);
#1053=VERTEX_POINT('',#3748);
#1054=VERTEX_POINT('',#3752);
#1055=VERTEX_POINT('',#3753);
#1056=VERTEX_POINT('',#3755);
#1057=VERTEX_POINT('',#3757);
#1058=VERTEX_POINT('',#3761);
#1059=VERTEX_POINT('',#3763);
#1060=VERTEX_POINT('',#3767);
#1061=VERTEX_POINT('',#3769);
#1062=VERTEX_POINT('',#3773);
#1063=VERTEX_POINT('',#3775);
#1064=VERTEX_POINT('',#3777);
#1065=VERTEX_POINT('',#3779);
#1066=VERTEX_POINT('',#3783);
#1067=VERTEX_POINT('',#3788);
#1068=VERTEX_POINT('',#3789);
#1069=VERTEX_POINT('',#3791);
#1070=VERTEX_POINT('',#3793);
#1071=VERTEX_POINT('',#3797);
#1072=VERTEX_POINT('',#3799);
#1073=VERTEX_POINT('',#3803);
#1074=VERTEX_POINT('',#3805);
#1075=VERTEX_POINT('',#3809);
#1076=VERTEX_POINT('',#3810);
#1077=VERTEX_POINT('',#3812);
#1078=VERTEX_POINT('',#3814);
#1079=VERTEX_POINT('',#3818);
#1080=VERTEX_POINT('',#3820);
#1081=VERTEX_POINT('',#3824);
#1082=VERTEX_POINT('',#3826);
#1083=VERTEX_POINT('',#3830);
#1084=VERTEX_POINT('',#3831);
#1085=VERTEX_POINT('',#3833);
#1086=VERTEX_POINT('',#3835);
#1087=VERTEX_POINT('',#3839);
#1088=VERTEX_POINT('',#3841);
#1089=VERTEX_POINT('',#3845);
#1090=VERTEX_POINT('',#3847);
#1091=VERTEX_POINT('',#3851);
#1092=VERTEX_POINT('',#3852);
#1093=VERTEX_POINT('',#3854);
#1094=VERTEX_POINT('',#3856);
#1095=VERTEX_POINT('',#3860);
#1096=VERTEX_POINT('',#3862);
#1097=VERTEX_POINT('',#3866);
#1098=VERTEX_POINT('',#3868);
#1099=VERTEX_POINT('',#3872);
#1100=VERTEX_POINT('',#3873);
#1101=VERTEX_POINT('',#3875);
#1102=VERTEX_POINT('',#3877);
#1103=VERTEX_POINT('',#3881);
#1104=VERTEX_POINT('',#3883);
#1105=VERTEX_POINT('',#3887);
#1106=VERTEX_POINT('',#3889);
#1107=VERTEX_POINT('',#3893);
#1108=VERTEX_POINT('',#3895);
#1109=VERTEX_POINT('',#3899);
#1110=VERTEX_POINT('',#3901);
#1111=VERTEX_POINT('',#3905);
#1112=VERTEX_POINT('',#3907);
#1113=VERTEX_POINT('',#3911);
#1114=VERTEX_POINT('',#3913);
#1115=VERTEX_POINT('',#3920);
#1116=VERTEX_POINT('',#3921);
#1117=VERTEX_POINT('',#3923);
#1118=VERTEX_POINT('',#3925);
#1119=VERTEX_POINT('',#3929);
#1120=VERTEX_POINT('',#3931);
#1121=VERTEX_POINT('',#3935);
#1122=VERTEX_POINT('',#3937);
#1123=VERTEX_POINT('',#3941);
#1124=VERTEX_POINT('',#3942);
#1125=VERTEX_POINT('',#3944);
#1126=VERTEX_POINT('',#3946);
#1127=VERTEX_POINT('',#3950);
#1128=VERTEX_POINT('',#3952);
#1129=VERTEX_POINT('',#3956);
#1130=VERTEX_POINT('',#3958);
#1131=VERTEX_POINT('',#3962);
#1132=VERTEX_POINT('',#3963);
#1133=VERTEX_POINT('',#3965);
#1134=VERTEX_POINT('',#3967);
#1135=VERTEX_POINT('',#3969);
#1136=VERTEX_POINT('',#3971);
#1137=VERTEX_POINT('',#3975);
#1138=VERTEX_POINT('',#3977);
#1139=VERTEX_POINT('',#3981);
#1140=VERTEX_POINT('',#3983);
#1141=VERTEX_POINT('',#3987);
#1142=VERTEX_POINT('',#3988);
#1143=VERTEX_POINT('',#3990);
#1144=VERTEX_POINT('',#3992);
#1145=VERTEX_POINT('',#3996);
#1146=VERTEX_POINT('',#3998);
#1147=VERTEX_POINT('',#4005);
#1148=VERTEX_POINT('',#4007);
#1149=VERTEX_POINT('',#4011);
#1150=VERTEX_POINT('',#4012);
#1151=VERTEX_POINT('',#4014);
#1152=VERTEX_POINT('',#4016);
#1153=VERTEX_POINT('',#4018);
#1154=VERTEX_POINT('',#4020);
#1155=VERTEX_POINT('',#4024);
#1156=VERTEX_POINT('',#4026);
#1157=VERTEX_POINT('',#4030);
#1158=VERTEX_POINT('',#4032);
#1159=VERTEX_POINT('',#4036);
#1160=VERTEX_POINT('',#4037);
#1161=VERTEX_POINT('',#4039);
#1162=VERTEX_POINT('',#4041);
#1163=VERTEX_POINT('',#4045);
#1164=VERTEX_POINT('',#4047);
#1165=VERTEX_POINT('',#4051);
#1166=VERTEX_POINT('',#4053);
#1167=VERTEX_POINT('',#4060);
#1168=VERTEX_POINT('',#4062);
#1169=VERTEX_POINT('',#4064);
#1170=VERTEX_POINT('',#4066);
#1171=VERTEX_POINT('',#4070);
#1172=VERTEX_POINT('',#4075);
#1173=VERTEX_POINT('',#4077);
#1174=VERTEX_POINT('',#4079);
#1175=VERTEX_POINT('',#4081);
#1176=VERTEX_POINT('',#4085);
#1177=VERTEX_POINT('',#4090);
#1178=VERTEX_POINT('',#4092);
#1179=VERTEX_POINT('',#4094);
#1180=VERTEX_POINT('',#4096);
#1181=VERTEX_POINT('',#4100);
#1182=VERTEX_POINT('',#4105);
#1183=VERTEX_POINT('',#4107);
#1184=VERTEX_POINT('',#4111);
#1185=VERTEX_POINT('',#4113);
#1186=VERTEX_POINT('',#4115);
#1187=VERTEX_POINT('',#4119);
#1188=VERTEX_POINT('',#4124);
#1189=VERTEX_POINT('',#4126);
#1190=VERTEX_POINT('',#4130);
#1191=VERTEX_POINT('',#4131);
#1192=VERTEX_POINT('',#4133);
#1193=VERTEX_POINT('',#4135);
#1194=VERTEX_POINT('',#4139);
#1195=VERTEX_POINT('',#4141);
#1196=VERTEX_POINT('',#4145);
#1197=VERTEX_POINT('',#4147);
#1198=VERTEX_POINT('',#4151);
#1199=VERTEX_POINT('',#4153);
#1200=VERTEX_POINT('',#4157);
#1201=VERTEX_POINT('',#4159);
#1202=VERTEX_POINT('',#4163);
#1203=VERTEX_POINT('',#4165);
#1204=VERTEX_POINT('',#4169);
#1205=VERTEX_POINT('',#4171);
#1206=VERTEX_POINT('',#4178);
#1207=VERTEX_POINT('',#4179);
#1208=VERTEX_POINT('',#4181);
#1209=VERTEX_POINT('',#4183);
#1210=VERTEX_POINT('',#4187);
#1211=VERTEX_POINT('',#4189);
#1212=VERTEX_POINT('',#4193);
#1213=VERTEX_POINT('',#4195);
#1214=VERTEX_POINT('',#4199);
#1215=VERTEX_POINT('',#4201);
#1216=VERTEX_POINT('',#4205);
#1217=VERTEX_POINT('',#4207);
#1218=VERTEX_POINT('',#4211);
#1219=VERTEX_POINT('',#4213);
#1220=VERTEX_POINT('',#4217);
#1221=VERTEX_POINT('',#4219);
#1222=VERTEX_POINT('',#4226);
#1223=VERTEX_POINT('',#4227);
#1224=VERTEX_POINT('',#4229);
#1225=VERTEX_POINT('',#4231);
#1226=VERTEX_POINT('',#4235);
#1227=VERTEX_POINT('',#4237);
#1228=VERTEX_POINT('',#4241);
#1229=VERTEX_POINT('',#4243);
#1230=VERTEX_POINT('',#4247);
#1231=VERTEX_POINT('',#4249);
#1232=VERTEX_POINT('',#4253);
#1233=VERTEX_POINT('',#4255);
#1234=VERTEX_POINT('',#4259);
#1235=VERTEX_POINT('',#4261);
#1236=VERTEX_POINT('',#4265);
#1237=VERTEX_POINT('',#4267);
#1238=VERTEX_POINT('',#4274);
#1239=VERTEX_POINT('',#4275);
#1240=VERTEX_POINT('',#4277);
#1241=VERTEX_POINT('',#4279);
#1242=VERTEX_POINT('',#4286);
#1243=VERTEX_POINT('',#4291);
#1244=VERTEX_POINT('',#4293);
#1245=VERTEX_POINT('',#4301);
#1246=VERTEX_POINT('',#4302);
#1247=VERTEX_POINT('',#4309);
#1248=VERTEX_POINT('',#4316);
#1249=VERTEX_POINT('',#4317);
#1250=VERTEX_POINT('',#4324);
#1251=VERTEX_POINT('',#4331);
#1252=VERTEX_POINT('',#4332);
#1253=VERTEX_POINT('',#4339);
#1254=VERTEX_POINT('',#4346);
#1255=VERTEX_POINT('',#4347);
#1256=VERTEX_POINT('',#4356);
#1257=VERTEX_POINT('',#4357);
#1258=VERTEX_POINT('',#4364);
#1259=VERTEX_POINT('',#4371);
#1260=VERTEX_POINT('',#4372);
#1261=VERTEX_POINT('',#4374);
#1262=VERTEX_POINT('',#4376);
#1263=VERTEX_POINT('',#4380);
#1264=VERTEX_POINT('',#4382);
#1265=VERTEX_POINT('',#4386);
#1266=VERTEX_POINT('',#4388);
#1267=VERTEX_POINT('',#4392);
#1268=VERTEX_POINT('',#4394);
#1269=VERTEX_POINT('',#4398);
#1270=VERTEX_POINT('',#4400);
#1271=VERTEX_POINT('',#4404);
#1272=VERTEX_POINT('',#4406);
#1273=VERTEX_POINT('',#4410);
#1274=VERTEX_POINT('',#4412);
#1275=EDGE_CURVE('',#1022,#1023,#504,.T.);
#1276=EDGE_CURVE('',#1022,#1024,#505,.T.);
#1277=EDGE_CURVE('',#1025,#1024,#506,.T.);
#1278=EDGE_CURVE('',#1023,#1025,#507,.T.);
#1279=EDGE_CURVE('',#1026,#1022,#508,.T.);
#1280=EDGE_CURVE('',#1026,#1027,#509,.T.);
#1281=EDGE_CURVE('',#1024,#1027,#510,.T.);
#1282=EDGE_CURVE('',#1023,#1028,#511,.T.);
#1283=EDGE_CURVE('',#1029,#1025,#512,.T.);
#1284=EDGE_CURVE('',#1028,#1029,#513,.T.);
#1285=EDGE_CURVE('',#1028,#1026,#514,.T.);
#1286=EDGE_CURVE('',#1027,#1029,#515,.T.);
#1287=EDGE_CURVE('',#1030,#1031,#516,.T.);
#1288=EDGE_CURVE('',#1030,#1032,#517,.T.);
#1289=EDGE_CURVE('',#1033,#1032,#518,.T.);
#1290=EDGE_CURVE('',#1031,#1033,#519,.T.);
#1291=EDGE_CURVE('',#1034,#1031,#38,.T.);
#1292=EDGE_CURVE('',#1035,#1033,#39,.T.);
#1293=EDGE_CURVE('',#1034,#1035,#520,.T.);
#1294=EDGE_CURVE('',#1034,#1036,#521,.T.);
#1295=EDGE_CURVE('',#1037,#1035,#522,.T.);
#1296=EDGE_CURVE('',#1036,#1037,#523,.T.);
#1297=EDGE_CURVE('',#1038,#1036,#40,.T.);
#1298=EDGE_CURVE('',#1039,#1037,#41,.T.);
#1299=EDGE_CURVE('',#1038,#1039,#524,.T.);
#1300=EDGE_CURVE('',#1038,#1040,#525,.T.);
#1301=EDGE_CURVE('',#1041,#1039,#526,.T.);
#1302=EDGE_CURVE('',#1040,#1041,#527,.T.);
#1303=EDGE_CURVE('',#1042,#1040,#42,.T.);
#1304=EDGE_CURVE('',#1043,#1041,#43,.T.);
#1305=EDGE_CURVE('',#1042,#1043,#528,.T.);
#1306=EDGE_CURVE('',#1042,#1044,#529,.T.);
#1307=EDGE_CURVE('',#1045,#1043,#530,.T.);
#1308=EDGE_CURVE('',#1044,#1045,#531,.T.);
#1309=EDGE_CURVE('',#1030,#1044,#44,.T.);
#1310=EDGE_CURVE('',#1032,#1045,#45,.T.);
#1311=EDGE_CURVE('',#1046,#1047,#46,.T.);
#1312=EDGE_CURVE('',#1048,#1046,#532,.T.);
#1313=EDGE_CURVE('',#1049,#1048,#47,.T.);
#1314=EDGE_CURVE('',#1049,#1047,#533,.T.);
#1315=EDGE_CURVE('',#1047,#1050,#534,.T.);
#1316=EDGE_CURVE('',#1051,#1049,#535,.T.);
#1317=EDGE_CURVE('',#1051,#1050,#536,.T.);
#1318=EDGE_CURVE('',#1050,#1052,#48,.T.);
#1319=EDGE_CURVE('',#1053,#1051,#49,.T.);
#1320=EDGE_CURVE('',#1053,#1052,#537,.T.);
#1321=EDGE_CURVE('',#1054,#1055,#538,.T.);
#1322=EDGE_CURVE('',#1054,#1056,#539,.T.);
#1323=EDGE_CURVE('',#1057,#1056,#540,.T.);
#1324=EDGE_CURVE('',#1055,#1057,#541,.T.);
#1325=EDGE_CURVE('',#1058,#1054,#50,.T.);
#1326=EDGE_CURVE('',#1058,#1059,#542,.T.);
#1327=EDGE_CURVE('',#1056,#1059,#51,.T.);
#1328=EDGE_CURVE('',#1055,#1060,#52,.T.);
#1329=EDGE_CURVE('',#1061,#1057,#53,.T.);
#1330=EDGE_CURVE('',#1060,#1061,#543,.T.);
#1331=EDGE_CURVE('',#1052,#1062,#544,.T.);
#1332=EDGE_CURVE('',#1062,#1063,#54,.T.);
#1333=EDGE_CURVE('',#1063,#1064,#545,.T.);
#1334=EDGE_CURVE('',#1064,#1065,#55,.T.);
#1335=EDGE_CURVE('',#1046,#1065,#546,.T.);
#1336=EDGE_CURVE('',#1066,#1061,#547,.T.);
#1337=EDGE_CURVE('',#1062,#1066,#548,.T.);
#1338=EDGE_CURVE('',#1060,#1053,#549,.T.);
#1339=EDGE_CURVE('',#1067,#1068,#56,.T.);
#1340=EDGE_CURVE('',#1069,#1067,#550,.T.);
#1341=EDGE_CURVE('',#1070,#1069,#57,.T.);
#1342=EDGE_CURVE('',#1070,#1068,#551,.T.);
#1343=EDGE_CURVE('',#1068,#1071,#552,.T.);
#1344=EDGE_CURVE('',#1072,#1070,#553,.T.);
#1345=EDGE_CURVE('',#1072,#1071,#554,.T.);
#1346=EDGE_CURVE('',#1071,#1073,#58,.T.);
#1347=EDGE_CURVE('',#1074,#1072,#59,.T.);
#1348=EDGE_CURVE('',#1074,#1073,#555,.T.);
#1349=EDGE_CURVE('',#1075,#1076,#556,.T.);
#1350=EDGE_CURVE('',#1075,#1077,#557,.T.);
#1351=EDGE_CURVE('',#1078,#1077,#558,.T.);
#1352=EDGE_CURVE('',#1076,#1078,#559,.T.);
#1353=EDGE_CURVE('',#1079,#1075,#60,.T.);
#1354=EDGE_CURVE('',#1079,#1080,#560,.T.);
#1355=EDGE_CURVE('',#1077,#1080,#61,.T.);
#1356=EDGE_CURVE('',#1076,#1081,#62,.T.);
#1357=EDGE_CURVE('',#1082,#1078,#63,.T.);
#1358=EDGE_CURVE('',#1081,#1082,#561,.T.);
#1359=EDGE_CURVE('',#1083,#1084,#64,.T.);
#1360=EDGE_CURVE('',#1085,#1083,#562,.T.);
#1361=EDGE_CURVE('',#1086,#1085,#65,.T.);
#1362=EDGE_CURVE('',#1086,#1084,#563,.T.);
#1363=EDGE_CURVE('',#1084,#1087,#564,.T.);
#1364=EDGE_CURVE('',#1088,#1086,#565,.T.);
#1365=EDGE_CURVE('',#1088,#1087,#566,.T.);
#1366=EDGE_CURVE('',#1087,#1089,#66,.T.);
#1367=EDGE_CURVE('',#1090,#1088,#67,.T.);
#1368=EDGE_CURVE('',#1090,#1089,#567,.T.);
#1369=EDGE_CURVE('',#1091,#1092,#568,.T.);
#1370=EDGE_CURVE('',#1091,#1093,#569,.T.);
#1371=EDGE_CURVE('',#1094,#1093,#570,.T.);
#1372=EDGE_CURVE('',#1092,#1094,#571,.T.);
#1373=EDGE_CURVE('',#1095,#1091,#68,.T.);
#1374=EDGE_CURVE('',#1095,#1096,#572,.T.);
#1375=EDGE_CURVE('',#1093,#1096,#69,.T.);
#1376=EDGE_CURVE('',#1092,#1097,#70,.T.);
#1377=EDGE_CURVE('',#1098,#1094,#71,.T.);
#1378=EDGE_CURVE('',#1097,#1098,#573,.T.);
#1379=EDGE_CURVE('',#1099,#1100,#574,.T.);
#1380=EDGE_CURVE('',#1099,#1101,#575,.T.);
#1381=EDGE_CURVE('',#1102,#1101,#576,.T.);
#1382=EDGE_CURVE('',#1100,#1102,#577,.T.);
#1383=EDGE_CURVE('',#1103,#1099,#72,.T.);
#1384=EDGE_CURVE('',#1103,#1104,#578,.T.);
#1385=EDGE_CURVE('',#1101,#1104,#73,.T.);
#1386=EDGE_CURVE('',#1105,#1103,#579,.T.);
#1387=EDGE_CURVE('',#1105,#1106,#580,.T.);
#1388=EDGE_CURVE('',#1104,#1106,#581,.T.);
#1389=EDGE_CURVE('',#1107,#1105,#74,.T.);
#1390=EDGE_CURVE('',#1107,#1108,#582,.T.);
#1391=EDGE_CURVE('',#1106,#1108,#75,.T.);
#1392=EDGE_CURVE('',#1109,#1107,#583,.T.);
#1393=EDGE_CURVE('',#1109,#1110,#584,.T.);
#1394=EDGE_CURVE('',#1108,#1110,#585,.T.);
#1395=EDGE_CURVE('',#1111,#1109,#76,.T.);
#1396=EDGE_CURVE('',#1111,#1112,#586,.T.);
#1397=EDGE_CURVE('',#1110,#1112,#77,.T.);
#1398=EDGE_CURVE('',#1113,#1111,#587,.T.);
#1399=EDGE_CURVE('',#1113,#1114,#588,.T.);
#1400=EDGE_CURVE('',#1112,#1114,#589,.T.);
#1401=EDGE_CURVE('',#1100,#1113,#78,.T.);
#1402=EDGE_CURVE('',#1114,#1102,#79,.T.);
#1403=EDGE_CURVE('',#1115,#1116,#80,.T.);
#1404=EDGE_CURVE('',#1117,#1115,#590,.T.);
#1405=EDGE_CURVE('',#1118,#1117,#81,.T.);
#1406=EDGE_CURVE('',#1118,#1116,#591,.T.);
#1407=EDGE_CURVE('',#1116,#1119,#592,.T.);
#1408=EDGE_CURVE('',#1120,#1118,#593,.T.);
#1409=EDGE_CURVE('',#1120,#1119,#594,.T.);
#1410=EDGE_CURVE('',#1119,#1121,#82,.T.);
#1411=EDGE_CURVE('',#1122,#1120,#83,.T.);
#1412=EDGE_CURVE('',#1122,#1121,#595,.T.);
#1413=EDGE_CURVE('',#1123,#1124,#596,.T.);
#1414=EDGE_CURVE('',#1123,#1125,#597,.T.);
#1415=EDGE_CURVE('',#1126,#1125,#598,.T.);
#1416=EDGE_CURVE('',#1124,#1126,#599,.T.);
#1417=EDGE_CURVE('',#1127,#1123,#84,.T.);
#1418=EDGE_CURVE('',#1127,#1128,#600,.T.);
#1419=EDGE_CURVE('',#1125,#1128,#85,.T.);
#1420=EDGE_CURVE('',#1124,#1129,#86,.T.);
#1421=EDGE_CURVE('',#1130,#1126,#87,.T.);
#1422=EDGE_CURVE('',#1129,#1130,#601,.T.);
#1423=EDGE_CURVE('',#1131,#1132,#602,.T.);
#1424=EDGE_CURVE('',#1133,#1131,#88,.T.);
#1425=EDGE_CURVE('',#1134,#1133,#603,.T.);
#1426=EDGE_CURVE('',#1135,#1134,#89,.T.);
#1427=EDGE_CURVE('',#1135,#1136,#604,.T.);
#1428=EDGE_CURVE('',#1132,#1136,#90,.T.);
#1429=EDGE_CURVE('',#1136,#1137,#605,.T.);
#1430=EDGE_CURVE('',#1138,#1135,#606,.T.);
#1431=EDGE_CURVE('',#1138,#1137,#607,.T.);
#1432=EDGE_CURVE('',#1137,#1139,#91,.T.);
#1433=EDGE_CURVE('',#1140,#1138,#92,.T.);
#1434=EDGE_CURVE('',#1140,#1139,#608,.T.);
#1435=EDGE_CURVE('',#1141,#1142,#609,.T.);
#1436=EDGE_CURVE('',#1141,#1143,#610,.T.);
#1437=EDGE_CURVE('',#1144,#1143,#611,.T.);
#1438=EDGE_CURVE('',#1142,#1144,#612,.T.);
#1439=EDGE_CURVE('',#1145,#1141,#93,.T.);
#1440=EDGE_CURVE('',#1145,#1146,#613,.T.);
#1441=EDGE_CURVE('',#1143,#1146,#94,.T.);
#1442=EDGE_CURVE('',#1134,#1145,#614,.T.);
#1443=EDGE_CURVE('',#1146,#1133,#615,.T.);
#1444=EDGE_CURVE('',#1142,#1147,#95,.T.);
#1445=EDGE_CURVE('',#1148,#1144,#96,.T.);
#1446=EDGE_CURVE('',#1147,#1148,#616,.T.);
#1447=EDGE_CURVE('',#1149,#1150,#617,.T.);
#1448=EDGE_CURVE('',#1151,#1149,#618,.T.);
#1449=EDGE_CURVE('',#1152,#1151,#619,.T.);
#1450=EDGE_CURVE('',#1152,#1153,#620,.T.);
#1451=EDGE_CURVE('',#1154,#1153,#621,.T.);
#1452=EDGE_CURVE('',#1150,#1154,#622,.T.);
#1453=EDGE_CURVE('',#1155,#1152,#97,.T.);
#1454=EDGE_CURVE('',#1155,#1156,#623,.T.);
#1455=EDGE_CURVE('',#1153,#1156,#98,.T.);
#1456=EDGE_CURVE('',#1157,#1155,#624,.T.);
#1457=EDGE_CURVE('',#1157,#1158,#625,.T.);
#1458=EDGE_CURVE('',#1156,#1158,#626,.T.);
#1459=EDGE_CURVE('',#1159,#1160,#627,.T.);
#1460=EDGE_CURVE('',#1161,#1159,#628,.T.);
#1461=EDGE_CURVE('',#1162,#1161,#629,.T.);
#1462=EDGE_CURVE('',#1162,#1160,#630,.T.);
#1463=EDGE_CURVE('',#1160,#1163,#99,.T.);
#1464=EDGE_CURVE('',#1164,#1162,#100,.T.);
#1465=EDGE_CURVE('',#1164,#1163,#631,.T.);
#1466=EDGE_CURVE('',#1163,#1165,#632,.T.);
#1467=EDGE_CURVE('',#1166,#1164,#633,.T.);
#1468=EDGE_CURVE('',#1166,#1165,#634,.T.);
#1469=EDGE_CURVE('',#1165,#1149,#101,.T.);
#1470=EDGE_CURVE('',#1151,#1166,#102,.T.);
#1471=EDGE_CURVE('',#1073,#1167,#635,.T.);
#1472=EDGE_CURVE('',#1167,#1168,#103,.T.);
#1473=EDGE_CURVE('',#1168,#1169,#636,.T.);
#1474=EDGE_CURVE('',#1169,#1170,#104,.T.);
#1475=EDGE_CURVE('',#1067,#1170,#637,.T.);
#1476=EDGE_CURVE('',#1171,#1082,#638,.T.);
#1477=EDGE_CURVE('',#1167,#1171,#639,.T.);
#1478=EDGE_CURVE('',#1081,#1074,#640,.T.);
#1479=EDGE_CURVE('',#1089,#1172,#641,.T.);
#1480=EDGE_CURVE('',#1172,#1173,#105,.T.);
#1481=EDGE_CURVE('',#1173,#1174,#642,.T.);
#1482=EDGE_CURVE('',#1174,#1175,#106,.T.);
#1483=EDGE_CURVE('',#1083,#1175,#643,.T.);
#1484=EDGE_CURVE('',#1176,#1098,#644,.T.);
#1485=EDGE_CURVE('',#1172,#1176,#645,.T.);
#1486=EDGE_CURVE('',#1097,#1090,#646,.T.);
#1487=EDGE_CURVE('',#1121,#1177,#647,.T.);
#1488=EDGE_CURVE('',#1177,#1178,#107,.T.);
#1489=EDGE_CURVE('',#1178,#1179,#648,.T.);
#1490=EDGE_CURVE('',#1179,#1180,#108,.T.);
#1491=EDGE_CURVE('',#1115,#1180,#649,.T.);
#1492=EDGE_CURVE('',#1181,#1130,#650,.T.);
#1493=EDGE_CURVE('',#1177,#1181,#651,.T.);
#1494=EDGE_CURVE('',#1129,#1122,#652,.T.);
#1495=EDGE_CURVE('',#1132,#1182,#653,.T.);
#1496=EDGE_CURVE('',#1182,#1183,#654,.T.);
#1497=EDGE_CURVE('',#1131,#1183,#655,.T.);
#1498=EDGE_CURVE('',#1139,#1184,#656,.T.);
#1499=EDGE_CURVE('',#1184,#1185,#109,.T.);
#1500=EDGE_CURVE('',#1185,#1186,#657,.T.);
#1501=EDGE_CURVE('',#1186,#1182,#110,.T.);
#1502=EDGE_CURVE('',#1187,#1148,#658,.T.);
#1503=EDGE_CURVE('',#1184,#1187,#659,.T.);
#1504=EDGE_CURVE('',#1147,#1140,#660,.T.);
#1505=EDGE_CURVE('',#1188,#1154,#661,.T.);
#1506=EDGE_CURVE('',#1189,#1188,#662,.T.);
#1507=EDGE_CURVE('',#1189,#1150,#663,.T.);
#1508=EDGE_CURVE('',#1190,#1191,#664,.T.);
#1509=EDGE_CURVE('',#1190,#1192,#665,.T.);
#1510=EDGE_CURVE('',#1193,#1192,#666,.T.);
#1511=EDGE_CURVE('',#1191,#1193,#667,.T.);
#1512=EDGE_CURVE('',#1194,#1190,#111,.T.);
#1513=EDGE_CURVE('',#1194,#1195,#668,.T.);
#1514=EDGE_CURVE('',#1192,#1195,#112,.T.);
#1515=EDGE_CURVE('',#1196,#1194,#669,.T.);
#1516=EDGE_CURVE('',#1196,#1197,#670,.T.);
#1517=EDGE_CURVE('',#1195,#1197,#671,.T.);
#1518=EDGE_CURVE('',#1198,#1196,#113,.T.);
#1519=EDGE_CURVE('',#1198,#1199,#672,.T.);
#1520=EDGE_CURVE('',#1197,#1199,#114,.T.);
#1521=EDGE_CURVE('',#1200,#1198,#673,.T.);
#1522=EDGE_CURVE('',#1200,#1201,#674,.T.);
#1523=EDGE_CURVE('',#1199,#1201,#675,.T.);
#1524=EDGE_CURVE('',#1202,#1200,#115,.T.);
#1525=EDGE_CURVE('',#1202,#1203,#676,.T.);
#1526=EDGE_CURVE('',#1201,#1203,#116,.T.);
#1527=EDGE_CURVE('',#1204,#1202,#677,.T.);
#1528=EDGE_CURVE('',#1204,#1205,#678,.T.);
#1529=EDGE_CURVE('',#1203,#1205,#679,.T.);
#1530=EDGE_CURVE('',#1191,#1204,#117,.T.);
#1531=EDGE_CURVE('',#1205,#1193,#118,.T.);
#1532=EDGE_CURVE('',#1206,#1207,#680,.T.);
#1533=EDGE_CURVE('',#1206,#1208,#681,.T.);
#1534=EDGE_CURVE('',#1209,#1208,#682,.T.);
#1535=EDGE_CURVE('',#1207,#1209,#683,.T.);
#1536=EDGE_CURVE('',#1210,#1206,#119,.T.);
#1537=EDGE_CURVE('',#1210,#1211,#684,.T.);
#1538=EDGE_CURVE('',#1208,#1211,#120,.T.);
#1539=EDGE_CURVE('',#1212,#1210,#685,.T.);
#1540=EDGE_CURVE('',#1212,#1213,#686,.T.);
#1541=EDGE_CURVE('',#1211,#1213,#687,.T.);
#1542=EDGE_CURVE('',#1214,#1212,#121,.T.);
#1543=EDGE_CURVE('',#1214,#1215,#688,.T.);
#1544=EDGE_CURVE('',#1213,#1215,#122,.T.);
#1545=EDGE_CURVE('',#1216,#1214,#689,.T.);
#1546=EDGE_CURVE('',#1216,#1217,#690,.T.);
#1547=EDGE_CURVE('',#1215,#1217,#691,.T.);
#1548=EDGE_CURVE('',#1218,#1216,#123,.T.);
#1549=EDGE_CURVE('',#1218,#1219,#692,.T.);
#1550=EDGE_CURVE('',#1217,#1219,#124,.T.);
#1551=EDGE_CURVE('',#1220,#1218,#693,.T.);
#1552=EDGE_CURVE('',#1220,#1221,#694,.T.);
#1553=EDGE_CURVE('',#1219,#1221,#695,.T.);
#1554=EDGE_CURVE('',#1207,#1220,#125,.T.);
#1555=EDGE_CURVE('',#1221,#1209,#126,.T.);
#1556=EDGE_CURVE('',#1222,#1223,#696,.T.);
#1557=EDGE_CURVE('',#1222,#1224,#697,.T.);
#1558=EDGE_CURVE('',#1225,#1224,#698,.T.);
#1559=EDGE_CURVE('',#1223,#1225,#699,.T.);
#1560=EDGE_CURVE('',#1226,#1222,#127,.T.);
#1561=EDGE_CURVE('',#1226,#1227,#700,.T.);
#1562=EDGE_CURVE('',#1224,#1227,#128,.T.);
#1563=EDGE_CURVE('',#1228,#1226,#701,.T.);
#1564=EDGE_CURVE('',#1228,#1229,#702,.T.);
#1565=EDGE_CURVE('',#1227,#1229,#703,.T.);
#1566=EDGE_CURVE('',#1230,#1228,#129,.T.);
#1567=EDGE_CURVE('',#1230,#1231,#704,.T.);
#1568=EDGE_CURVE('',#1229,#1231,#130,.T.);
#1569=EDGE_CURVE('',#1232,#1230,#705,.T.);
#1570=EDGE_CURVE('',#1232,#1233,#706,.T.);
#1571=EDGE_CURVE('',#1231,#1233,#707,.T.);
#1572=EDGE_CURVE('',#1234,#1232,#131,.T.);
#1573=EDGE_CURVE('',#1234,#1235,#708,.T.);
#1574=EDGE_CURVE('',#1233,#1235,#132,.T.);
#1575=EDGE_CURVE('',#1236,#1234,#709,.T.);
#1576=EDGE_CURVE('',#1236,#1237,#710,.T.);
#1577=EDGE_CURVE('',#1235,#1237,#711,.T.);
#1578=EDGE_CURVE('',#1223,#1236,#133,.T.);
#1579=EDGE_CURVE('',#1237,#1225,#134,.T.);
#1580=EDGE_CURVE('',#1238,#1239,#712,.T.);
#1581=EDGE_CURVE('',#1240,#1238,#713,.T.);
#1582=EDGE_CURVE('',#1240,#1241,#714,.T.);
#1583=EDGE_CURVE('',#1241,#1239,#715,.T.);
#1584=EDGE_CURVE('',#1239,#1188,#135,.T.);
#1585=EDGE_CURVE('',#1189,#1241,#136,.T.);
#1586=EDGE_CURVE('',#1158,#1242,#137,.T.);
#1587=EDGE_CURVE('',#1161,#1157,#138,.T.);
#1588=EDGE_CURVE('',#1159,#1242,#716,.T.);
#1589=EDGE_CURVE('',#1242,#1243,#717,.T.);
#1590=EDGE_CURVE('',#1159,#1244,#718,.T.);
#1591=EDGE_CURVE('',#1244,#1243,#719,.T.);
#1592=EDGE_CURVE('',#1243,#1238,#139,.T.);
#1593=EDGE_CURVE('',#1240,#1244,#140,.T.);
#1594=EDGE_CURVE('',#1245,#1246,#720,.T.);
#1595=EDGE_CURVE('',#1169,#1245,#721,.T.);
#1596=EDGE_CURVE('',#1168,#1246,#722,.T.);
#1597=EDGE_CURVE('',#1246,#1171,#141,.T.);
#1598=EDGE_CURVE('',#1080,#1247,#723,.T.);
#1599=EDGE_CURVE('',#1069,#1079,#724,.T.);
#1600=EDGE_CURVE('',#1170,#1247,#725,.T.);
#1601=EDGE_CURVE('',#1247,#1245,#142,.T.);
#1602=EDGE_CURVE('',#1248,#1249,#726,.T.);
#1603=EDGE_CURVE('',#1179,#1248,#727,.T.);
#1604=EDGE_CURVE('',#1178,#1249,#728,.T.);
#1605=EDGE_CURVE('',#1249,#1181,#143,.T.);
#1606=EDGE_CURVE('',#1128,#1250,#729,.T.);
#1607=EDGE_CURVE('',#1117,#1127,#730,.T.);
#1608=EDGE_CURVE('',#1180,#1250,#731,.T.);
#1609=EDGE_CURVE('',#1250,#1248,#144,.T.);
#1610=EDGE_CURVE('',#1251,#1252,#732,.T.);
#1611=EDGE_CURVE('',#1174,#1251,#733,.T.);
#1612=EDGE_CURVE('',#1173,#1252,#734,.T.);
#1613=EDGE_CURVE('',#1252,#1176,#145,.T.);
#1614=EDGE_CURVE('',#1096,#1253,#735,.T.);
#1615=EDGE_CURVE('',#1085,#1095,#736,.T.);
#1616=EDGE_CURVE('',#1175,#1253,#737,.T.);
#1617=EDGE_CURVE('',#1253,#1251,#146,.T.);
#1618=EDGE_CURVE('',#1254,#1255,#738,.T.);
#1619=EDGE_CURVE('',#1186,#1254,#739,.T.);
#1620=EDGE_CURVE('',#1185,#1255,#740,.T.);
#1621=EDGE_CURVE('',#1255,#1187,#147,.T.);
#1622=EDGE_CURVE('',#1183,#1254,#148,.T.);
#1623=EDGE_CURVE('',#1256,#1257,#741,.T.);
#1624=EDGE_CURVE('',#1064,#1256,#742,.T.);
#1625=EDGE_CURVE('',#1063,#1257,#743,.T.);
#1626=EDGE_CURVE('',#1257,#1066,#149,.T.);
#1627=EDGE_CURVE('',#1059,#1258,#744,.T.);
#1628=EDGE_CURVE('',#1048,#1058,#745,.T.);
#1629=EDGE_CURVE('',#1065,#1258,#746,.T.);
#1630=EDGE_CURVE('',#1258,#1256,#150,.T.);
#1631=EDGE_CURVE('',#1259,#1260,#747,.T.);
#1632=EDGE_CURVE('',#1259,#1261,#748,.T.);
#1633=EDGE_CURVE('',#1262,#1261,#749,.T.);
#1634=EDGE_CURVE('',#1260,#1262,#750,.T.);
#1635=EDGE_CURVE('',#1263,#1260,#151,.T.);
#1636=EDGE_CURVE('',#1264,#1262,#152,.T.);
#1637=EDGE_CURVE('',#1263,#1264,#751,.T.);
#1638=EDGE_CURVE('',#1263,#1265,#752,.T.);
#1639=EDGE_CURVE('',#1266,#1264,#753,.T.);
#1640=EDGE_CURVE('',#1265,#1266,#754,.T.);
#1641=EDGE_CURVE('',#1267,#1265,#153,.T.);
#1642=EDGE_CURVE('',#1268,#1266,#154,.T.);
#1643=EDGE_CURVE('',#1267,#1268,#755,.T.);
#1644=EDGE_CURVE('',#1267,#1269,#756,.T.);
#1645=EDGE_CURVE('',#1270,#1268,#757,.T.);
#1646=EDGE_CURVE('',#1269,#1270,#758,.T.);
#1647=EDGE_CURVE('',#1271,#1269,#155,.T.);
#1648=EDGE_CURVE('',#1272,#1270,#156,.T.);
#1649=EDGE_CURVE('',#1271,#1272,#759,.T.);
#1650=EDGE_CURVE('',#1271,#1273,#760,.T.);
#1651=EDGE_CURVE('',#1274,#1272,#761,.T.);
#1652=EDGE_CURVE('',#1273,#1274,#762,.T.);
#1653=EDGE_CURVE('',#1259,#1273,#157,.T.);
#1654=EDGE_CURVE('',#1261,#1274,#158,.T.);
#1655=ORIENTED_EDGE('',*,*,#1275,.F.);
#1656=ORIENTED_EDGE('',*,*,#1276,.T.);
#1657=ORIENTED_EDGE('',*,*,#1277,.F.);
#1658=ORIENTED_EDGE('',*,*,#1278,.F.);
#1659=ORIENTED_EDGE('',*,*,#1279,.F.);
#1660=ORIENTED_EDGE('',*,*,#1280,.T.);
#1661=ORIENTED_EDGE('',*,*,#1281,.F.);
#1662=ORIENTED_EDGE('',*,*,#1276,.F.);
#1663=ORIENTED_EDGE('',*,*,#1282,.F.);
#1664=ORIENTED_EDGE('',*,*,#1278,.T.);
#1665=ORIENTED_EDGE('',*,*,#1283,.F.);
#1666=ORIENTED_EDGE('',*,*,#1284,.F.);
#1667=ORIENTED_EDGE('',*,*,#1285,.F.);
#1668=ORIENTED_EDGE('',*,*,#1284,.T.);
#1669=ORIENTED_EDGE('',*,*,#1286,.F.);
#1670=ORIENTED_EDGE('',*,*,#1280,.F.);
#1671=ORIENTED_EDGE('',*,*,#1287,.F.);
#1672=ORIENTED_EDGE('',*,*,#1288,.T.);
#1673=ORIENTED_EDGE('',*,*,#1289,.F.);
#1674=ORIENTED_EDGE('',*,*,#1290,.F.);
#1675=ORIENTED_EDGE('',*,*,#1291,.T.);
#1676=ORIENTED_EDGE('',*,*,#1290,.T.);
#1677=ORIENTED_EDGE('',*,*,#1292,.F.);
#1678=ORIENTED_EDGE('',*,*,#1293,.F.);
#1679=ORIENTED_EDGE('',*,*,#1294,.F.);
#1680=ORIENTED_EDGE('',*,*,#1293,.T.);
#1681=ORIENTED_EDGE('',*,*,#1295,.F.);
#1682=ORIENTED_EDGE('',*,*,#1296,.F.);
#1683=ORIENTED_EDGE('',*,*,#1297,.T.);
#1684=ORIENTED_EDGE('',*,*,#1296,.T.);
#1685=ORIENTED_EDGE('',*,*,#1298,.F.);
#1686=ORIENTED_EDGE('',*,*,#1299,.F.);
#1687=ORIENTED_EDGE('',*,*,#1300,.F.);
#1688=ORIENTED_EDGE('',*,*,#1299,.T.);
#1689=ORIENTED_EDGE('',*,*,#1301,.F.);
#1690=ORIENTED_EDGE('',*,*,#1302,.F.);
#1691=ORIENTED_EDGE('',*,*,#1303,.T.);
#1692=ORIENTED_EDGE('',*,*,#1302,.T.);
#1693=ORIENTED_EDGE('',*,*,#1304,.F.);
#1694=ORIENTED_EDGE('',*,*,#1305,.F.);
#1695=ORIENTED_EDGE('',*,*,#1306,.F.);
#1696=ORIENTED_EDGE('',*,*,#1305,.T.);
#1697=ORIENTED_EDGE('',*,*,#1307,.F.);
#1698=ORIENTED_EDGE('',*,*,#1308,.F.);
#1699=ORIENTED_EDGE('',*,*,#1309,.T.);
#1700=ORIENTED_EDGE('',*,*,#1308,.T.);
#1701=ORIENTED_EDGE('',*,*,#1310,.F.);
#1702=ORIENTED_EDGE('',*,*,#1288,.F.);
#1703=ORIENTED_EDGE('',*,*,#1310,.T.);
#1704=ORIENTED_EDGE('',*,*,#1307,.T.);
#1705=ORIENTED_EDGE('',*,*,#1304,.T.);
#1706=ORIENTED_EDGE('',*,*,#1301,.T.);
#1707=ORIENTED_EDGE('',*,*,#1298,.T.);
#1708=ORIENTED_EDGE('',*,*,#1295,.T.);
#1709=ORIENTED_EDGE('',*,*,#1292,.T.);
#1710=ORIENTED_EDGE('',*,*,#1289,.T.);
#1711=ORIENTED_EDGE('',*,*,#1281,.T.);
#1712=ORIENTED_EDGE('',*,*,#1286,.T.);
#1713=ORIENTED_EDGE('',*,*,#1283,.T.);
#1714=ORIENTED_EDGE('',*,*,#1277,.T.);
#1715=ORIENTED_EDGE('',*,*,#1279,.T.);
#1716=ORIENTED_EDGE('',*,*,#1275,.T.);
#1717=ORIENTED_EDGE('',*,*,#1282,.T.);
#1718=ORIENTED_EDGE('',*,*,#1285,.T.);
#1719=ORIENTED_EDGE('',*,*,#1309,.F.);
#1720=ORIENTED_EDGE('',*,*,#1287,.T.);
#1721=ORIENTED_EDGE('',*,*,#1291,.F.);
#1722=ORIENTED_EDGE('',*,*,#1294,.T.);
#1723=ORIENTED_EDGE('',*,*,#1297,.F.);
#1724=ORIENTED_EDGE('',*,*,#1300,.T.);
#1725=ORIENTED_EDGE('',*,*,#1303,.F.);
#1726=ORIENTED_EDGE('',*,*,#1306,.T.);
#1727=ORIENTED_EDGE('',*,*,#1311,.F.);
#1728=ORIENTED_EDGE('',*,*,#1312,.F.);
#1729=ORIENTED_EDGE('',*,*,#1313,.F.);
#1730=ORIENTED_EDGE('',*,*,#1314,.T.);
#1731=ORIENTED_EDGE('',*,*,#1315,.F.);
#1732=ORIENTED_EDGE('',*,*,#1314,.F.);
#1733=ORIENTED_EDGE('',*,*,#1316,.F.);
#1734=ORIENTED_EDGE('',*,*,#1317,.T.);
#1735=ORIENTED_EDGE('',*,*,#1318,.F.);
#1736=ORIENTED_EDGE('',*,*,#1317,.F.);
#1737=ORIENTED_EDGE('',*,*,#1319,.F.);
#1738=ORIENTED_EDGE('',*,*,#1320,.T.);
#1739=ORIENTED_EDGE('',*,*,#1321,.F.);
#1740=ORIENTED_EDGE('',*,*,#1322,.T.);
#1741=ORIENTED_EDGE('',*,*,#1323,.F.);
#1742=ORIENTED_EDGE('',*,*,#1324,.F.);
#1743=ORIENTED_EDGE('',*,*,#1325,.F.);
#1744=ORIENTED_EDGE('',*,*,#1326,.T.);
#1745=ORIENTED_EDGE('',*,*,#1327,.F.);
#1746=ORIENTED_EDGE('',*,*,#1322,.F.);
#1747=ORIENTED_EDGE('',*,*,#1328,.F.);
#1748=ORIENTED_EDGE('',*,*,#1324,.T.);
#1749=ORIENTED_EDGE('',*,*,#1329,.F.);
#1750=ORIENTED_EDGE('',*,*,#1330,.F.);
#1751=ORIENTED_EDGE('',*,*,#1311,.T.);
#1752=ORIENTED_EDGE('',*,*,#1315,.T.);
#1753=ORIENTED_EDGE('',*,*,#1318,.T.);
#1754=ORIENTED_EDGE('',*,*,#1331,.T.);
#1755=ORIENTED_EDGE('',*,*,#1332,.T.);
#1756=ORIENTED_EDGE('',*,*,#1333,.T.);
#1757=ORIENTED_EDGE('',*,*,#1334,.T.);
#1758=ORIENTED_EDGE('',*,*,#1335,.F.);
#1759=ORIENTED_EDGE('',*,*,#1336,.F.);
#1760=ORIENTED_EDGE('',*,*,#1337,.F.);
#1761=ORIENTED_EDGE('',*,*,#1331,.F.);
#1762=ORIENTED_EDGE('',*,*,#1320,.F.);
#1763=ORIENTED_EDGE('',*,*,#1338,.F.);
#1764=ORIENTED_EDGE('',*,*,#1330,.T.);
#1765=ORIENTED_EDGE('',*,*,#1339,.F.);
#1766=ORIENTED_EDGE('',*,*,#1340,.F.);
#1767=ORIENTED_EDGE('',*,*,#1341,.F.);
#1768=ORIENTED_EDGE('',*,*,#1342,.T.);
#1769=ORIENTED_EDGE('',*,*,#1343,.F.);
#1770=ORIENTED_EDGE('',*,*,#1342,.F.);
#1771=ORIENTED_EDGE('',*,*,#1344,.F.);
#1772=ORIENTED_EDGE('',*,*,#1345,.T.);
#1773=ORIENTED_EDGE('',*,*,#1346,.F.);
#1774=ORIENTED_EDGE('',*,*,#1345,.F.);
#1775=ORIENTED_EDGE('',*,*,#1347,.F.);
#1776=ORIENTED_EDGE('',*,*,#1348,.T.);
#1777=ORIENTED_EDGE('',*,*,#1349,.F.);
#1778=ORIENTED_EDGE('',*,*,#1350,.T.);
#1779=ORIENTED_EDGE('',*,*,#1351,.F.);
#1780=ORIENTED_EDGE('',*,*,#1352,.F.);
#1781=ORIENTED_EDGE('',*,*,#1353,.F.);
#1782=ORIENTED_EDGE('',*,*,#1354,.T.);
#1783=ORIENTED_EDGE('',*,*,#1355,.F.);
#1784=ORIENTED_EDGE('',*,*,#1350,.F.);
#1785=ORIENTED_EDGE('',*,*,#1356,.F.);
#1786=ORIENTED_EDGE('',*,*,#1352,.T.);
#1787=ORIENTED_EDGE('',*,*,#1357,.F.);
#1788=ORIENTED_EDGE('',*,*,#1358,.F.);
#1789=ORIENTED_EDGE('',*,*,#1359,.F.);
#1790=ORIENTED_EDGE('',*,*,#1360,.F.);
#1791=ORIENTED_EDGE('',*,*,#1361,.F.);
#1792=ORIENTED_EDGE('',*,*,#1362,.T.);
#1793=ORIENTED_EDGE('',*,*,#1363,.F.);
#1794=ORIENTED_EDGE('',*,*,#1362,.F.);
#1795=ORIENTED_EDGE('',*,*,#1364,.F.);
#1796=ORIENTED_EDGE('',*,*,#1365,.T.);
#1797=ORIENTED_EDGE('',*,*,#1366,.F.);
#1798=ORIENTED_EDGE('',*,*,#1365,.F.);
#1799=ORIENTED_EDGE('',*,*,#1367,.F.);
#1800=ORIENTED_EDGE('',*,*,#1368,.T.);
#1801=ORIENTED_EDGE('',*,*,#1369,.F.);
#1802=ORIENTED_EDGE('',*,*,#1370,.T.);
#1803=ORIENTED_EDGE('',*,*,#1371,.F.);
#1804=ORIENTED_EDGE('',*,*,#1372,.F.);
#1805=ORIENTED_EDGE('',*,*,#1373,.F.);
#1806=ORIENTED_EDGE('',*,*,#1374,.T.);
#1807=ORIENTED_EDGE('',*,*,#1375,.F.);
#1808=ORIENTED_EDGE('',*,*,#1370,.F.);
#1809=ORIENTED_EDGE('',*,*,#1376,.F.);
#1810=ORIENTED_EDGE('',*,*,#1372,.T.);
#1811=ORIENTED_EDGE('',*,*,#1377,.F.);
#1812=ORIENTED_EDGE('',*,*,#1378,.F.);
#1813=ORIENTED_EDGE('',*,*,#1379,.F.);
#1814=ORIENTED_EDGE('',*,*,#1380,.T.);
#1815=ORIENTED_EDGE('',*,*,#1381,.F.);
#1816=ORIENTED_EDGE('',*,*,#1382,.F.);
#1817=ORIENTED_EDGE('',*,*,#1383,.F.);
#1818=ORIENTED_EDGE('',*,*,#1384,.T.);
#1819=ORIENTED_EDGE('',*,*,#1385,.F.);
#1820=ORIENTED_EDGE('',*,*,#1380,.F.);
#1821=ORIENTED_EDGE('',*,*,#1386,.F.);
#1822=ORIENTED_EDGE('',*,*,#1387,.T.);
#1823=ORIENTED_EDGE('',*,*,#1388,.F.);
#1824=ORIENTED_EDGE('',*,*,#1384,.F.);
#1825=ORIENTED_EDGE('',*,*,#1389,.F.);
#1826=ORIENTED_EDGE('',*,*,#1390,.T.);
#1827=ORIENTED_EDGE('',*,*,#1391,.F.);
#1828=ORIENTED_EDGE('',*,*,#1387,.F.);
#1829=ORIENTED_EDGE('',*,*,#1392,.F.);
#1830=ORIENTED_EDGE('',*,*,#1393,.T.);
#1831=ORIENTED_EDGE('',*,*,#1394,.F.);
#1832=ORIENTED_EDGE('',*,*,#1390,.F.);
#1833=ORIENTED_EDGE('',*,*,#1395,.F.);
#1834=ORIENTED_EDGE('',*,*,#1396,.T.);
#1835=ORIENTED_EDGE('',*,*,#1397,.F.);
#1836=ORIENTED_EDGE('',*,*,#1393,.F.);
#1837=ORIENTED_EDGE('',*,*,#1398,.F.);
#1838=ORIENTED_EDGE('',*,*,#1399,.T.);
#1839=ORIENTED_EDGE('',*,*,#1400,.F.);
#1840=ORIENTED_EDGE('',*,*,#1396,.F.);
#1841=ORIENTED_EDGE('',*,*,#1401,.F.);
#1842=ORIENTED_EDGE('',*,*,#1382,.T.);
#1843=ORIENTED_EDGE('',*,*,#1402,.F.);
#1844=ORIENTED_EDGE('',*,*,#1399,.F.);
#1845=ORIENTED_EDGE('',*,*,#1403,.F.);
#1846=ORIENTED_EDGE('',*,*,#1404,.F.);
#1847=ORIENTED_EDGE('',*,*,#1405,.F.);
#1848=ORIENTED_EDGE('',*,*,#1406,.T.);
#1849=ORIENTED_EDGE('',*,*,#1407,.F.);
#1850=ORIENTED_EDGE('',*,*,#1406,.F.);
#1851=ORIENTED_EDGE('',*,*,#1408,.F.);
#1852=ORIENTED_EDGE('',*,*,#1409,.T.);
#1853=ORIENTED_EDGE('',*,*,#1410,.F.);
#1854=ORIENTED_EDGE('',*,*,#1409,.F.);
#1855=ORIENTED_EDGE('',*,*,#1411,.F.);
#1856=ORIENTED_EDGE('',*,*,#1412,.T.);
#1857=ORIENTED_EDGE('',*,*,#1413,.F.);
#1858=ORIENTED_EDGE('',*,*,#1414,.T.);
#1859=ORIENTED_EDGE('',*,*,#1415,.F.);
#1860=ORIENTED_EDGE('',*,*,#1416,.F.);
#1861=ORIENTED_EDGE('',*,*,#1417,.F.);
#1862=ORIENTED_EDGE('',*,*,#1418,.T.);
#1863=ORIENTED_EDGE('',*,*,#1419,.F.);
#1864=ORIENTED_EDGE('',*,*,#1414,.F.);
#1865=ORIENTED_EDGE('',*,*,#1420,.F.);
#1866=ORIENTED_EDGE('',*,*,#1416,.T.);
#1867=ORIENTED_EDGE('',*,*,#1421,.F.);
#1868=ORIENTED_EDGE('',*,*,#1422,.F.);
#1869=ORIENTED_EDGE('',*,*,#1423,.F.);
#1870=ORIENTED_EDGE('',*,*,#1424,.F.);
#1871=ORIENTED_EDGE('',*,*,#1425,.F.);
#1872=ORIENTED_EDGE('',*,*,#1426,.F.);
#1873=ORIENTED_EDGE('',*,*,#1427,.T.);
#1874=ORIENTED_EDGE('',*,*,#1428,.F.);
#1875=ORIENTED_EDGE('',*,*,#1429,.F.);
#1876=ORIENTED_EDGE('',*,*,#1427,.F.);
#1877=ORIENTED_EDGE('',*,*,#1430,.F.);
#1878=ORIENTED_EDGE('',*,*,#1431,.T.);
#1879=ORIENTED_EDGE('',*,*,#1432,.F.);
#1880=ORIENTED_EDGE('',*,*,#1431,.F.);
#1881=ORIENTED_EDGE('',*,*,#1433,.F.);
#1882=ORIENTED_EDGE('',*,*,#1434,.T.);
#1883=ORIENTED_EDGE('',*,*,#1435,.F.);
#1884=ORIENTED_EDGE('',*,*,#1436,.T.);
#1885=ORIENTED_EDGE('',*,*,#1437,.F.);
#1886=ORIENTED_EDGE('',*,*,#1438,.F.);
#1887=ORIENTED_EDGE('',*,*,#1439,.F.);
#1888=ORIENTED_EDGE('',*,*,#1440,.T.);
#1889=ORIENTED_EDGE('',*,*,#1441,.F.);
#1890=ORIENTED_EDGE('',*,*,#1436,.F.);
#1891=ORIENTED_EDGE('',*,*,#1442,.F.);
#1892=ORIENTED_EDGE('',*,*,#1425,.T.);
#1893=ORIENTED_EDGE('',*,*,#1443,.F.);
#1894=ORIENTED_EDGE('',*,*,#1440,.F.);
#1895=ORIENTED_EDGE('',*,*,#1444,.F.);
#1896=ORIENTED_EDGE('',*,*,#1438,.T.);
#1897=ORIENTED_EDGE('',*,*,#1445,.F.);
#1898=ORIENTED_EDGE('',*,*,#1446,.F.);
#1899=ORIENTED_EDGE('',*,*,#1447,.F.);
#1900=ORIENTED_EDGE('',*,*,#1448,.F.);
#1901=ORIENTED_EDGE('',*,*,#1449,.F.);
#1902=ORIENTED_EDGE('',*,*,#1450,.T.);
#1903=ORIENTED_EDGE('',*,*,#1451,.F.);
#1904=ORIENTED_EDGE('',*,*,#1452,.F.);
#1905=ORIENTED_EDGE('',*,*,#1453,.F.);
#1906=ORIENTED_EDGE('',*,*,#1454,.T.);
#1907=ORIENTED_EDGE('',*,*,#1455,.F.);
#1908=ORIENTED_EDGE('',*,*,#1450,.F.);
#1909=ORIENTED_EDGE('',*,*,#1456,.F.);
#1910=ORIENTED_EDGE('',*,*,#1457,.T.);
#1911=ORIENTED_EDGE('',*,*,#1458,.F.);
#1912=ORIENTED_EDGE('',*,*,#1454,.F.);
#1913=ORIENTED_EDGE('',*,*,#1459,.F.);
#1914=ORIENTED_EDGE('',*,*,#1460,.F.);
#1915=ORIENTED_EDGE('',*,*,#1461,.F.);
#1916=ORIENTED_EDGE('',*,*,#1462,.T.);
#1917=ORIENTED_EDGE('',*,*,#1463,.F.);
#1918=ORIENTED_EDGE('',*,*,#1462,.F.);
#1919=ORIENTED_EDGE('',*,*,#1464,.F.);
#1920=ORIENTED_EDGE('',*,*,#1465,.T.);
#1921=ORIENTED_EDGE('',*,*,#1466,.F.);
#1922=ORIENTED_EDGE('',*,*,#1465,.F.);
#1923=ORIENTED_EDGE('',*,*,#1467,.F.);
#1924=ORIENTED_EDGE('',*,*,#1468,.T.);
#1925=ORIENTED_EDGE('',*,*,#1469,.F.);
#1926=ORIENTED_EDGE('',*,*,#1468,.F.);
#1927=ORIENTED_EDGE('',*,*,#1470,.F.);
#1928=ORIENTED_EDGE('',*,*,#1448,.T.);
#1929=ORIENTED_EDGE('',*,*,#1339,.T.);
#1930=ORIENTED_EDGE('',*,*,#1343,.T.);
#1931=ORIENTED_EDGE('',*,*,#1346,.T.);
#1932=ORIENTED_EDGE('',*,*,#1471,.T.);
#1933=ORIENTED_EDGE('',*,*,#1472,.T.);
#1934=ORIENTED_EDGE('',*,*,#1473,.T.);
#1935=ORIENTED_EDGE('',*,*,#1474,.T.);
#1936=ORIENTED_EDGE('',*,*,#1475,.F.);
#1937=ORIENTED_EDGE('',*,*,#1476,.F.);
#1938=ORIENTED_EDGE('',*,*,#1477,.F.);
#1939=ORIENTED_EDGE('',*,*,#1471,.F.);
#1940=ORIENTED_EDGE('',*,*,#1348,.F.);
#1941=ORIENTED_EDGE('',*,*,#1478,.F.);
#1942=ORIENTED_EDGE('',*,*,#1358,.T.);
#1943=ORIENTED_EDGE('',*,*,#1359,.T.);
#1944=ORIENTED_EDGE('',*,*,#1363,.T.);
#1945=ORIENTED_EDGE('',*,*,#1366,.T.);
#1946=ORIENTED_EDGE('',*,*,#1479,.T.);
#1947=ORIENTED_EDGE('',*,*,#1480,.T.);
#1948=ORIENTED_EDGE('',*,*,#1481,.T.);
#1949=ORIENTED_EDGE('',*,*,#1482,.T.);
#1950=ORIENTED_EDGE('',*,*,#1483,.F.);
#1951=ORIENTED_EDGE('',*,*,#1484,.F.);
#1952=ORIENTED_EDGE('',*,*,#1485,.F.);
#1953=ORIENTED_EDGE('',*,*,#1479,.F.);
#1954=ORIENTED_EDGE('',*,*,#1368,.F.);
#1955=ORIENTED_EDGE('',*,*,#1486,.F.);
#1956=ORIENTED_EDGE('',*,*,#1378,.T.);
#1957=ORIENTED_EDGE('',*,*,#1403,.T.);
#1958=ORIENTED_EDGE('',*,*,#1407,.T.);
#1959=ORIENTED_EDGE('',*,*,#1410,.T.);
#1960=ORIENTED_EDGE('',*,*,#1487,.T.);
#1961=ORIENTED_EDGE('',*,*,#1488,.T.);
#1962=ORIENTED_EDGE('',*,*,#1489,.T.);
#1963=ORIENTED_EDGE('',*,*,#1490,.T.);
#1964=ORIENTED_EDGE('',*,*,#1491,.F.);
#1965=ORIENTED_EDGE('',*,*,#1492,.F.);
#1966=ORIENTED_EDGE('',*,*,#1493,.F.);
#1967=ORIENTED_EDGE('',*,*,#1487,.F.);
#1968=ORIENTED_EDGE('',*,*,#1412,.F.);
#1969=ORIENTED_EDGE('',*,*,#1494,.F.);
#1970=ORIENTED_EDGE('',*,*,#1422,.T.);
#1971=ORIENTED_EDGE('',*,*,#1423,.T.);
#1972=ORIENTED_EDGE('',*,*,#1495,.T.);
#1973=ORIENTED_EDGE('',*,*,#1496,.T.);
#1974=ORIENTED_EDGE('',*,*,#1497,.F.);
#1975=ORIENTED_EDGE('',*,*,#1428,.T.);
#1976=ORIENTED_EDGE('',*,*,#1429,.T.);
#1977=ORIENTED_EDGE('',*,*,#1432,.T.);
#1978=ORIENTED_EDGE('',*,*,#1498,.T.);
#1979=ORIENTED_EDGE('',*,*,#1499,.T.);
#1980=ORIENTED_EDGE('',*,*,#1500,.T.);
#1981=ORIENTED_EDGE('',*,*,#1501,.T.);
#1982=ORIENTED_EDGE('',*,*,#1495,.F.);
#1983=ORIENTED_EDGE('',*,*,#1502,.F.);
#1984=ORIENTED_EDGE('',*,*,#1503,.F.);
#1985=ORIENTED_EDGE('',*,*,#1498,.F.);
#1986=ORIENTED_EDGE('',*,*,#1434,.F.);
#1987=ORIENTED_EDGE('',*,*,#1504,.F.);
#1988=ORIENTED_EDGE('',*,*,#1446,.T.);
#1989=ORIENTED_EDGE('',*,*,#1452,.T.);
#1990=ORIENTED_EDGE('',*,*,#1505,.F.);
#1991=ORIENTED_EDGE('',*,*,#1506,.F.);
#1992=ORIENTED_EDGE('',*,*,#1507,.T.);
#1993=ORIENTED_EDGE('',*,*,#1508,.F.);
#1994=ORIENTED_EDGE('',*,*,#1509,.T.);
#1995=ORIENTED_EDGE('',*,*,#1510,.F.);
#1996=ORIENTED_EDGE('',*,*,#1511,.F.);
#1997=ORIENTED_EDGE('',*,*,#1512,.F.);
#1998=ORIENTED_EDGE('',*,*,#1513,.T.);
#1999=ORIENTED_EDGE('',*,*,#1514,.F.);
#2000=ORIENTED_EDGE('',*,*,#1509,.F.);
#2001=ORIENTED_EDGE('',*,*,#1515,.F.);
#2002=ORIENTED_EDGE('',*,*,#1516,.T.);
#2003=ORIENTED_EDGE('',*,*,#1517,.F.);
#2004=ORIENTED_EDGE('',*,*,#1513,.F.);
#2005=ORIENTED_EDGE('',*,*,#1518,.F.);
#2006=ORIENTED_EDGE('',*,*,#1519,.T.);
#2007=ORIENTED_EDGE('',*,*,#1520,.F.);
#2008=ORIENTED_EDGE('',*,*,#1516,.F.);
#2009=ORIENTED_EDGE('',*,*,#1521,.F.);
#2010=ORIENTED_EDGE('',*,*,#1522,.T.);
#2011=ORIENTED_EDGE('',*,*,#1523,.F.);
#2012=ORIENTED_EDGE('',*,*,#1519,.F.);
#2013=ORIENTED_EDGE('',*,*,#1524,.F.);
#2014=ORIENTED_EDGE('',*,*,#1525,.T.);
#2015=ORIENTED_EDGE('',*,*,#1526,.F.);
#2016=ORIENTED_EDGE('',*,*,#1522,.F.);
#2017=ORIENTED_EDGE('',*,*,#1527,.F.);
#2018=ORIENTED_EDGE('',*,*,#1528,.T.);
#2019=ORIENTED_EDGE('',*,*,#1529,.F.);
#2020=ORIENTED_EDGE('',*,*,#1525,.F.);
#2021=ORIENTED_EDGE('',*,*,#1530,.F.);
#2022=ORIENTED_EDGE('',*,*,#1511,.T.);
#2023=ORIENTED_EDGE('',*,*,#1531,.F.);
#2024=ORIENTED_EDGE('',*,*,#1528,.F.);
#2025=ORIENTED_EDGE('',*,*,#1532,.F.);
#2026=ORIENTED_EDGE('',*,*,#1533,.T.);
#2027=ORIENTED_EDGE('',*,*,#1534,.F.);
#2028=ORIENTED_EDGE('',*,*,#1535,.F.);
#2029=ORIENTED_EDGE('',*,*,#1536,.F.);
#2030=ORIENTED_EDGE('',*,*,#1537,.T.);
#2031=ORIENTED_EDGE('',*,*,#1538,.F.);
#2032=ORIENTED_EDGE('',*,*,#1533,.F.);
#2033=ORIENTED_EDGE('',*,*,#1539,.F.);
#2034=ORIENTED_EDGE('',*,*,#1540,.T.);
#2035=ORIENTED_EDGE('',*,*,#1541,.F.);
#2036=ORIENTED_EDGE('',*,*,#1537,.F.);
#2037=ORIENTED_EDGE('',*,*,#1542,.F.);
#2038=ORIENTED_EDGE('',*,*,#1543,.T.);
#2039=ORIENTED_EDGE('',*,*,#1544,.F.);
#2040=ORIENTED_EDGE('',*,*,#1540,.F.);
#2041=ORIENTED_EDGE('',*,*,#1545,.F.);
#2042=ORIENTED_EDGE('',*,*,#1546,.T.);
#2043=ORIENTED_EDGE('',*,*,#1547,.F.);
#2044=ORIENTED_EDGE('',*,*,#1543,.F.);
#2045=ORIENTED_EDGE('',*,*,#1548,.F.);
#2046=ORIENTED_EDGE('',*,*,#1549,.T.);
#2047=ORIENTED_EDGE('',*,*,#1550,.F.);
#2048=ORIENTED_EDGE('',*,*,#1546,.F.);
#2049=ORIENTED_EDGE('',*,*,#1551,.F.);
#2050=ORIENTED_EDGE('',*,*,#1552,.T.);
#2051=ORIENTED_EDGE('',*,*,#1553,.F.);
#2052=ORIENTED_EDGE('',*,*,#1549,.F.);
#2053=ORIENTED_EDGE('',*,*,#1554,.F.);
#2054=ORIENTED_EDGE('',*,*,#1535,.T.);
#2055=ORIENTED_EDGE('',*,*,#1555,.F.);
#2056=ORIENTED_EDGE('',*,*,#1552,.F.);
#2057=ORIENTED_EDGE('',*,*,#1556,.F.);
#2058=ORIENTED_EDGE('',*,*,#1557,.T.);
#2059=ORIENTED_EDGE('',*,*,#1558,.F.);
#2060=ORIENTED_EDGE('',*,*,#1559,.F.);
#2061=ORIENTED_EDGE('',*,*,#1560,.F.);
#2062=ORIENTED_EDGE('',*,*,#1561,.T.);
#2063=ORIENTED_EDGE('',*,*,#1562,.F.);
#2064=ORIENTED_EDGE('',*,*,#1557,.F.);
#2065=ORIENTED_EDGE('',*,*,#1563,.F.);
#2066=ORIENTED_EDGE('',*,*,#1564,.T.);
#2067=ORIENTED_EDGE('',*,*,#1565,.F.);
#2068=ORIENTED_EDGE('',*,*,#1561,.F.);
#2069=ORIENTED_EDGE('',*,*,#1566,.F.);
#2070=ORIENTED_EDGE('',*,*,#1567,.T.);
#2071=ORIENTED_EDGE('',*,*,#1568,.F.);
#2072=ORIENTED_EDGE('',*,*,#1564,.F.);
#2073=ORIENTED_EDGE('',*,*,#1569,.F.);
#2074=ORIENTED_EDGE('',*,*,#1570,.T.);
#2075=ORIENTED_EDGE('',*,*,#1571,.F.);
#2076=ORIENTED_EDGE('',*,*,#1567,.F.);
#2077=ORIENTED_EDGE('',*,*,#1572,.F.);
#2078=ORIENTED_EDGE('',*,*,#1573,.T.);
#2079=ORIENTED_EDGE('',*,*,#1574,.F.);
#2080=ORIENTED_EDGE('',*,*,#1570,.F.);
#2081=ORIENTED_EDGE('',*,*,#1575,.F.);
#2082=ORIENTED_EDGE('',*,*,#1576,.T.);
#2083=ORIENTED_EDGE('',*,*,#1577,.F.);
#2084=ORIENTED_EDGE('',*,*,#1573,.F.);
#2085=ORIENTED_EDGE('',*,*,#1578,.F.);
#2086=ORIENTED_EDGE('',*,*,#1559,.T.);
#2087=ORIENTED_EDGE('',*,*,#1579,.F.);
#2088=ORIENTED_EDGE('',*,*,#1576,.F.);
#2089=ORIENTED_EDGE('',*,*,#1580,.F.);
#2090=ORIENTED_EDGE('',*,*,#1581,.F.);
#2091=ORIENTED_EDGE('',*,*,#1582,.T.);
#2092=ORIENTED_EDGE('',*,*,#1583,.T.);
#2093=ORIENTED_EDGE('',*,*,#1584,.F.);
#2094=ORIENTED_EDGE('',*,*,#1583,.F.);
#2095=ORIENTED_EDGE('',*,*,#1585,.F.);
#2096=ORIENTED_EDGE('',*,*,#1506,.T.);
#2097=ORIENTED_EDGE('',*,*,#1586,.F.);
#2098=ORIENTED_EDGE('',*,*,#1457,.F.);
#2099=ORIENTED_EDGE('',*,*,#1587,.F.);
#2100=ORIENTED_EDGE('',*,*,#1460,.T.);
#2101=ORIENTED_EDGE('',*,*,#1588,.T.);
#2102=ORIENTED_EDGE('',*,*,#1589,.F.);
#2103=ORIENTED_EDGE('',*,*,#1588,.F.);
#2104=ORIENTED_EDGE('',*,*,#1590,.T.);
#2105=ORIENTED_EDGE('',*,*,#1591,.T.);
#2106=ORIENTED_EDGE('',*,*,#1592,.F.);
#2107=ORIENTED_EDGE('',*,*,#1591,.F.);
#2108=ORIENTED_EDGE('',*,*,#1593,.F.);
#2109=ORIENTED_EDGE('',*,*,#1581,.T.);
#2110=ORIENTED_EDGE('',*,*,#1447,.T.);
#2111=ORIENTED_EDGE('',*,*,#1507,.F.);
#2112=ORIENTED_EDGE('',*,*,#1585,.T.);
#2113=ORIENTED_EDGE('',*,*,#1582,.F.);
#2114=ORIENTED_EDGE('',*,*,#1593,.T.);
#2115=ORIENTED_EDGE('',*,*,#1590,.F.);
#2116=ORIENTED_EDGE('',*,*,#1459,.T.);
#2117=ORIENTED_EDGE('',*,*,#1463,.T.);
#2118=ORIENTED_EDGE('',*,*,#1466,.T.);
#2119=ORIENTED_EDGE('',*,*,#1469,.T.);
#2120=ORIENTED_EDGE('',*,*,#1594,.F.);
#2121=ORIENTED_EDGE('',*,*,#1595,.F.);
#2122=ORIENTED_EDGE('',*,*,#1473,.F.);
#2123=ORIENTED_EDGE('',*,*,#1596,.T.);
#2124=ORIENTED_EDGE('',*,*,#1597,.F.);
#2125=ORIENTED_EDGE('',*,*,#1596,.F.);
#2126=ORIENTED_EDGE('',*,*,#1472,.F.);
#2127=ORIENTED_EDGE('',*,*,#1477,.T.);
#2128=ORIENTED_EDGE('',*,*,#1598,.F.);
#2129=ORIENTED_EDGE('',*,*,#1354,.F.);
#2130=ORIENTED_EDGE('',*,*,#1599,.F.);
#2131=ORIENTED_EDGE('',*,*,#1340,.T.);
#2132=ORIENTED_EDGE('',*,*,#1475,.T.);
#2133=ORIENTED_EDGE('',*,*,#1600,.T.);
#2134=ORIENTED_EDGE('',*,*,#1601,.F.);
#2135=ORIENTED_EDGE('',*,*,#1600,.F.);
#2136=ORIENTED_EDGE('',*,*,#1474,.F.);
#2137=ORIENTED_EDGE('',*,*,#1595,.T.);
#2138=ORIENTED_EDGE('',*,*,#1602,.F.);
#2139=ORIENTED_EDGE('',*,*,#1603,.F.);
#2140=ORIENTED_EDGE('',*,*,#1489,.F.);
#2141=ORIENTED_EDGE('',*,*,#1604,.T.);
#2142=ORIENTED_EDGE('',*,*,#1605,.F.);
#2143=ORIENTED_EDGE('',*,*,#1604,.F.);
#2144=ORIENTED_EDGE('',*,*,#1488,.F.);
#2145=ORIENTED_EDGE('',*,*,#1493,.T.);
#2146=ORIENTED_EDGE('',*,*,#1606,.F.);
#2147=ORIENTED_EDGE('',*,*,#1418,.F.);
#2148=ORIENTED_EDGE('',*,*,#1607,.F.);
#2149=ORIENTED_EDGE('',*,*,#1404,.T.);
#2150=ORIENTED_EDGE('',*,*,#1491,.T.);
#2151=ORIENTED_EDGE('',*,*,#1608,.T.);
#2152=ORIENTED_EDGE('',*,*,#1609,.F.);
#2153=ORIENTED_EDGE('',*,*,#1608,.F.);
#2154=ORIENTED_EDGE('',*,*,#1490,.F.);
#2155=ORIENTED_EDGE('',*,*,#1603,.T.);
#2156=ORIENTED_EDGE('',*,*,#1610,.F.);
#2157=ORIENTED_EDGE('',*,*,#1611,.F.);
#2158=ORIENTED_EDGE('',*,*,#1481,.F.);
#2159=ORIENTED_EDGE('',*,*,#1612,.T.);
#2160=ORIENTED_EDGE('',*,*,#1613,.F.);
#2161=ORIENTED_EDGE('',*,*,#1612,.F.);
#2162=ORIENTED_EDGE('',*,*,#1480,.F.);
#2163=ORIENTED_EDGE('',*,*,#1485,.T.);
#2164=ORIENTED_EDGE('',*,*,#1614,.F.);
#2165=ORIENTED_EDGE('',*,*,#1374,.F.);
#2166=ORIENTED_EDGE('',*,*,#1615,.F.);
#2167=ORIENTED_EDGE('',*,*,#1360,.T.);
#2168=ORIENTED_EDGE('',*,*,#1483,.T.);
#2169=ORIENTED_EDGE('',*,*,#1616,.T.);
#2170=ORIENTED_EDGE('',*,*,#1617,.F.);
#2171=ORIENTED_EDGE('',*,*,#1616,.F.);
#2172=ORIENTED_EDGE('',*,*,#1482,.F.);
#2173=ORIENTED_EDGE('',*,*,#1611,.T.);
#2174=ORIENTED_EDGE('',*,*,#1618,.F.);
#2175=ORIENTED_EDGE('',*,*,#1619,.F.);
#2176=ORIENTED_EDGE('',*,*,#1500,.F.);
#2177=ORIENTED_EDGE('',*,*,#1620,.T.);
#2178=ORIENTED_EDGE('',*,*,#1621,.F.);
#2179=ORIENTED_EDGE('',*,*,#1620,.F.);
#2180=ORIENTED_EDGE('',*,*,#1499,.F.);
#2181=ORIENTED_EDGE('',*,*,#1503,.T.);
#2182=ORIENTED_EDGE('',*,*,#1622,.F.);
#2183=ORIENTED_EDGE('',*,*,#1496,.F.);
#2184=ORIENTED_EDGE('',*,*,#1501,.F.);
#2185=ORIENTED_EDGE('',*,*,#1619,.T.);
#2186=ORIENTED_EDGE('',*,*,#1623,.F.);
#2187=ORIENTED_EDGE('',*,*,#1624,.F.);
#2188=ORIENTED_EDGE('',*,*,#1333,.F.);
#2189=ORIENTED_EDGE('',*,*,#1625,.T.);
#2190=ORIENTED_EDGE('',*,*,#1626,.F.);
#2191=ORIENTED_EDGE('',*,*,#1625,.F.);
#2192=ORIENTED_EDGE('',*,*,#1332,.F.);
#2193=ORIENTED_EDGE('',*,*,#1337,.T.);
#2194=ORIENTED_EDGE('',*,*,#1627,.F.);
#2195=ORIENTED_EDGE('',*,*,#1326,.F.);
#2196=ORIENTED_EDGE('',*,*,#1628,.F.);
#2197=ORIENTED_EDGE('',*,*,#1312,.T.);
#2198=ORIENTED_EDGE('',*,*,#1335,.T.);
#2199=ORIENTED_EDGE('',*,*,#1629,.T.);
#2200=ORIENTED_EDGE('',*,*,#1630,.F.);
#2201=ORIENTED_EDGE('',*,*,#1629,.F.);
#2202=ORIENTED_EDGE('',*,*,#1334,.F.);
#2203=ORIENTED_EDGE('',*,*,#1624,.T.);
#2204=ORIENTED_EDGE('',*,*,#1631,.F.);
#2205=ORIENTED_EDGE('',*,*,#1632,.T.);
#2206=ORIENTED_EDGE('',*,*,#1633,.F.);
#2207=ORIENTED_EDGE('',*,*,#1634,.F.);
#2208=ORIENTED_EDGE('',*,*,#1635,.T.);
#2209=ORIENTED_EDGE('',*,*,#1634,.T.);
#2210=ORIENTED_EDGE('',*,*,#1636,.F.);
#2211=ORIENTED_EDGE('',*,*,#1637,.F.);
#2212=ORIENTED_EDGE('',*,*,#1638,.F.);
#2213=ORIENTED_EDGE('',*,*,#1637,.T.);
#2214=ORIENTED_EDGE('',*,*,#1639,.F.);
#2215=ORIENTED_EDGE('',*,*,#1640,.F.);
#2216=ORIENTED_EDGE('',*,*,#1641,.T.);
#2217=ORIENTED_EDGE('',*,*,#1640,.T.);
#2218=ORIENTED_EDGE('',*,*,#1642,.F.);
#2219=ORIENTED_EDGE('',*,*,#1643,.F.);
#2220=ORIENTED_EDGE('',*,*,#1644,.F.);
#2221=ORIENTED_EDGE('',*,*,#1643,.T.);
#2222=ORIENTED_EDGE('',*,*,#1645,.F.);
#2223=ORIENTED_EDGE('',*,*,#1646,.F.);
#2224=ORIENTED_EDGE('',*,*,#1647,.T.);
#2225=ORIENTED_EDGE('',*,*,#1646,.T.);
#2226=ORIENTED_EDGE('',*,*,#1648,.F.);
#2227=ORIENTED_EDGE('',*,*,#1649,.F.);
#2228=ORIENTED_EDGE('',*,*,#1650,.F.);
#2229=ORIENTED_EDGE('',*,*,#1649,.T.);
#2230=ORIENTED_EDGE('',*,*,#1651,.F.);
#2231=ORIENTED_EDGE('',*,*,#1652,.F.);
#2232=ORIENTED_EDGE('',*,*,#1653,.T.);
#2233=ORIENTED_EDGE('',*,*,#1652,.T.);
#2234=ORIENTED_EDGE('',*,*,#1654,.F.);
#2235=ORIENTED_EDGE('',*,*,#1632,.F.);
#2236=ORIENTED_EDGE('',*,*,#1654,.T.);
#2237=ORIENTED_EDGE('',*,*,#1651,.T.);
#2238=ORIENTED_EDGE('',*,*,#1648,.T.);
#2239=ORIENTED_EDGE('',*,*,#1645,.T.);
#2240=ORIENTED_EDGE('',*,*,#1642,.T.);
#2241=ORIENTED_EDGE('',*,*,#1639,.T.);
#2242=ORIENTED_EDGE('',*,*,#1636,.T.);
#2243=ORIENTED_EDGE('',*,*,#1633,.T.);
#2244=ORIENTED_EDGE('',*,*,#1598,.T.);
#2245=ORIENTED_EDGE('',*,*,#1601,.T.);
#2246=ORIENTED_EDGE('',*,*,#1594,.T.);
#2247=ORIENTED_EDGE('',*,*,#1597,.T.);
#2248=ORIENTED_EDGE('',*,*,#1476,.T.);
#2249=ORIENTED_EDGE('',*,*,#1357,.T.);
#2250=ORIENTED_EDGE('',*,*,#1351,.T.);
#2251=ORIENTED_EDGE('',*,*,#1355,.T.);
#2252=ORIENTED_EDGE('',*,*,#1614,.T.);
#2253=ORIENTED_EDGE('',*,*,#1617,.T.);
#2254=ORIENTED_EDGE('',*,*,#1610,.T.);
#2255=ORIENTED_EDGE('',*,*,#1613,.T.);
#2256=ORIENTED_EDGE('',*,*,#1484,.T.);
#2257=ORIENTED_EDGE('',*,*,#1377,.T.);
#2258=ORIENTED_EDGE('',*,*,#1371,.T.);
#2259=ORIENTED_EDGE('',*,*,#1375,.T.);
#2260=ORIENTED_EDGE('',*,*,#1606,.T.);
#2261=ORIENTED_EDGE('',*,*,#1609,.T.);
#2262=ORIENTED_EDGE('',*,*,#1602,.T.);
#2263=ORIENTED_EDGE('',*,*,#1605,.T.);
#2264=ORIENTED_EDGE('',*,*,#1492,.T.);
#2265=ORIENTED_EDGE('',*,*,#1421,.T.);
#2266=ORIENTED_EDGE('',*,*,#1415,.T.);
#2267=ORIENTED_EDGE('',*,*,#1419,.T.);
#2268=ORIENTED_EDGE('',*,*,#1424,.T.);
#2269=ORIENTED_EDGE('',*,*,#1497,.T.);
#2270=ORIENTED_EDGE('',*,*,#1622,.T.);
#2271=ORIENTED_EDGE('',*,*,#1618,.T.);
#2272=ORIENTED_EDGE('',*,*,#1621,.T.);
#2273=ORIENTED_EDGE('',*,*,#1502,.T.);
#2274=ORIENTED_EDGE('',*,*,#1445,.T.);
#2275=ORIENTED_EDGE('',*,*,#1437,.T.);
#2276=ORIENTED_EDGE('',*,*,#1441,.T.);
#2277=ORIENTED_EDGE('',*,*,#1443,.T.);
#2278=ORIENTED_EDGE('',*,*,#1381,.T.);
#2279=ORIENTED_EDGE('',*,*,#1385,.T.);
#2280=ORIENTED_EDGE('',*,*,#1388,.T.);
#2281=ORIENTED_EDGE('',*,*,#1391,.T.);
#2282=ORIENTED_EDGE('',*,*,#1394,.T.);
#2283=ORIENTED_EDGE('',*,*,#1397,.T.);
#2284=ORIENTED_EDGE('',*,*,#1400,.T.);
#2285=ORIENTED_EDGE('',*,*,#1402,.T.);
#2286=ORIENTED_EDGE('',*,*,#1451,.T.);
#2287=ORIENTED_EDGE('',*,*,#1455,.T.);
#2288=ORIENTED_EDGE('',*,*,#1458,.T.);
#2289=ORIENTED_EDGE('',*,*,#1586,.T.);
#2290=ORIENTED_EDGE('',*,*,#1589,.T.);
#2291=ORIENTED_EDGE('',*,*,#1592,.T.);
#2292=ORIENTED_EDGE('',*,*,#1580,.T.);
#2293=ORIENTED_EDGE('',*,*,#1584,.T.);
#2294=ORIENTED_EDGE('',*,*,#1505,.T.);
#2295=ORIENTED_EDGE('',*,*,#1558,.T.);
#2296=ORIENTED_EDGE('',*,*,#1562,.T.);
#2297=ORIENTED_EDGE('',*,*,#1565,.T.);
#2298=ORIENTED_EDGE('',*,*,#1568,.T.);
#2299=ORIENTED_EDGE('',*,*,#1571,.T.);
#2300=ORIENTED_EDGE('',*,*,#1574,.T.);
#2301=ORIENTED_EDGE('',*,*,#1577,.T.);
#2302=ORIENTED_EDGE('',*,*,#1579,.T.);
#2303=ORIENTED_EDGE('',*,*,#1534,.T.);
#2304=ORIENTED_EDGE('',*,*,#1538,.T.);
#2305=ORIENTED_EDGE('',*,*,#1541,.T.);
#2306=ORIENTED_EDGE('',*,*,#1544,.T.);
#2307=ORIENTED_EDGE('',*,*,#1547,.T.);
#2308=ORIENTED_EDGE('',*,*,#1550,.T.);
#2309=ORIENTED_EDGE('',*,*,#1553,.T.);
#2310=ORIENTED_EDGE('',*,*,#1555,.T.);
#2311=ORIENTED_EDGE('',*,*,#1510,.T.);
#2312=ORIENTED_EDGE('',*,*,#1514,.T.);
#2313=ORIENTED_EDGE('',*,*,#1517,.T.);
#2314=ORIENTED_EDGE('',*,*,#1520,.T.);
#2315=ORIENTED_EDGE('',*,*,#1523,.T.);
#2316=ORIENTED_EDGE('',*,*,#1526,.T.);
#2317=ORIENTED_EDGE('',*,*,#1529,.T.);
#2318=ORIENTED_EDGE('',*,*,#1531,.T.);
#2319=ORIENTED_EDGE('',*,*,#1627,.T.);
#2320=ORIENTED_EDGE('',*,*,#1630,.T.);
#2321=ORIENTED_EDGE('',*,*,#1623,.T.);
#2322=ORIENTED_EDGE('',*,*,#1626,.T.);
#2323=ORIENTED_EDGE('',*,*,#1336,.T.);
#2324=ORIENTED_EDGE('',*,*,#1329,.T.);
#2325=ORIENTED_EDGE('',*,*,#1323,.T.);
#2326=ORIENTED_EDGE('',*,*,#1327,.T.);
#2327=ORIENTED_EDGE('',*,*,#1653,.F.);
#2328=ORIENTED_EDGE('',*,*,#1631,.T.);
#2329=ORIENTED_EDGE('',*,*,#1635,.F.);
#2330=ORIENTED_EDGE('',*,*,#1638,.T.);
#2331=ORIENTED_EDGE('',*,*,#1641,.F.);
#2332=ORIENTED_EDGE('',*,*,#1644,.T.);
#2333=ORIENTED_EDGE('',*,*,#1647,.F.);
#2334=ORIENTED_EDGE('',*,*,#1650,.T.);
#2335=ORIENTED_EDGE('',*,*,#1349,.T.);
#2336=ORIENTED_EDGE('',*,*,#1356,.T.);
#2337=ORIENTED_EDGE('',*,*,#1478,.T.);
#2338=ORIENTED_EDGE('',*,*,#1347,.T.);
#2339=ORIENTED_EDGE('',*,*,#1344,.T.);
#2340=ORIENTED_EDGE('',*,*,#1341,.T.);
#2341=ORIENTED_EDGE('',*,*,#1599,.T.);
#2342=ORIENTED_EDGE('',*,*,#1353,.T.);
#2343=ORIENTED_EDGE('',*,*,#1369,.T.);
#2344=ORIENTED_EDGE('',*,*,#1376,.T.);
#2345=ORIENTED_EDGE('',*,*,#1486,.T.);
#2346=ORIENTED_EDGE('',*,*,#1367,.T.);
#2347=ORIENTED_EDGE('',*,*,#1364,.T.);
#2348=ORIENTED_EDGE('',*,*,#1361,.T.);
#2349=ORIENTED_EDGE('',*,*,#1615,.T.);
#2350=ORIENTED_EDGE('',*,*,#1373,.T.);
#2351=ORIENTED_EDGE('',*,*,#1379,.T.);
#2352=ORIENTED_EDGE('',*,*,#1401,.T.);
#2353=ORIENTED_EDGE('',*,*,#1398,.T.);
#2354=ORIENTED_EDGE('',*,*,#1395,.T.);
#2355=ORIENTED_EDGE('',*,*,#1392,.T.);
#2356=ORIENTED_EDGE('',*,*,#1389,.T.);
#2357=ORIENTED_EDGE('',*,*,#1386,.T.);
#2358=ORIENTED_EDGE('',*,*,#1383,.T.);
#2359=ORIENTED_EDGE('',*,*,#1413,.T.);
#2360=ORIENTED_EDGE('',*,*,#1420,.T.);
#2361=ORIENTED_EDGE('',*,*,#1494,.T.);
#2362=ORIENTED_EDGE('',*,*,#1411,.T.);
#2363=ORIENTED_EDGE('',*,*,#1408,.T.);
#2364=ORIENTED_EDGE('',*,*,#1405,.T.);
#2365=ORIENTED_EDGE('',*,*,#1607,.T.);
#2366=ORIENTED_EDGE('',*,*,#1417,.T.);
#2367=ORIENTED_EDGE('',*,*,#1435,.T.);
#2368=ORIENTED_EDGE('',*,*,#1444,.T.);
#2369=ORIENTED_EDGE('',*,*,#1504,.T.);
#2370=ORIENTED_EDGE('',*,*,#1433,.T.);
#2371=ORIENTED_EDGE('',*,*,#1430,.T.);
#2372=ORIENTED_EDGE('',*,*,#1426,.T.);
#2373=ORIENTED_EDGE('',*,*,#1442,.T.);
#2374=ORIENTED_EDGE('',*,*,#1439,.T.);
#2375=ORIENTED_EDGE('',*,*,#1449,.T.);
#2376=ORIENTED_EDGE('',*,*,#1470,.T.);
#2377=ORIENTED_EDGE('',*,*,#1467,.T.);
#2378=ORIENTED_EDGE('',*,*,#1464,.T.);
#2379=ORIENTED_EDGE('',*,*,#1461,.T.);
#2380=ORIENTED_EDGE('',*,*,#1587,.T.);
#2381=ORIENTED_EDGE('',*,*,#1456,.T.);
#2382=ORIENTED_EDGE('',*,*,#1453,.T.);
#2383=ORIENTED_EDGE('',*,*,#1508,.T.);
#2384=ORIENTED_EDGE('',*,*,#1530,.T.);
#2385=ORIENTED_EDGE('',*,*,#1527,.T.);
#2386=ORIENTED_EDGE('',*,*,#1524,.T.);
#2387=ORIENTED_EDGE('',*,*,#1521,.T.);
#2388=ORIENTED_EDGE('',*,*,#1518,.T.);
#2389=ORIENTED_EDGE('',*,*,#1515,.T.);
#2390=ORIENTED_EDGE('',*,*,#1512,.T.);
#2391=ORIENTED_EDGE('',*,*,#1532,.T.);
#2392=ORIENTED_EDGE('',*,*,#1554,.T.);
#2393=ORIENTED_EDGE('',*,*,#1551,.T.);
#2394=ORIENTED_EDGE('',*,*,#1548,.T.);
#2395=ORIENTED_EDGE('',*,*,#1545,.T.);
#2396=ORIENTED_EDGE('',*,*,#1542,.T.);
#2397=ORIENTED_EDGE('',*,*,#1539,.T.);
#2398=ORIENTED_EDGE('',*,*,#1536,.T.);
#2399=ORIENTED_EDGE('',*,*,#1556,.T.);
#2400=ORIENTED_EDGE('',*,*,#1578,.T.);
#2401=ORIENTED_EDGE('',*,*,#1575,.T.);
#2402=ORIENTED_EDGE('',*,*,#1572,.T.);
#2403=ORIENTED_EDGE('',*,*,#1569,.T.);
#2404=ORIENTED_EDGE('',*,*,#1566,.T.);
#2405=ORIENTED_EDGE('',*,*,#1563,.T.);
#2406=ORIENTED_EDGE('',*,*,#1560,.T.);
#2407=ORIENTED_EDGE('',*,*,#1321,.T.);
#2408=ORIENTED_EDGE('',*,*,#1328,.T.);
#2409=ORIENTED_EDGE('',*,*,#1338,.T.);
#2410=ORIENTED_EDGE('',*,*,#1319,.T.);
#2411=ORIENTED_EDGE('',*,*,#1316,.T.);
#2412=ORIENTED_EDGE('',*,*,#1313,.T.);
#2413=ORIENTED_EDGE('',*,*,#1628,.T.);
#2414=ORIENTED_EDGE('',*,*,#1325,.T.);
#2415=PLANE('',#2634);
#2416=PLANE('',#2635);
#2417=PLANE('',#2636);
#2418=PLANE('',#2637);
#2419=PLANE('',#2638);
#2420=PLANE('',#2642);
#2421=PLANE('',#2646);
#2422=PLANE('',#2650);
#2423=PLANE('',#2654);
#2424=PLANE('',#2655);
#2425=PLANE('',#2656);
#2426=PLANE('',#2660);
#2427=PLANE('',#2664);
#2428=PLANE('',#2671);
#2429=PLANE('',#2674);
#2430=PLANE('',#2678);
#2431=PLANE('',#2682);
#2432=PLANE('',#2692);
#2433=PLANE('',#2696);
#2434=PLANE('',#2703);
#2435=PLANE('',#2707);
#2436=PLANE('',#2711);
#2437=PLANE('',#2715);
#2438=PLANE('',#2722);
#2439=PLANE('',#2726);
#2440=PLANE('',#2737);
#2441=PLANE('',#2741);
#2442=PLANE('',#2745);
#2443=PLANE('',#2749);
#2444=PLANE('',#2753);
#2445=PLANE('',#2754);
#2446=PLANE('',#2758);
#2447=PLANE('',#2762);
#2448=PLANE('',#2765);
#2449=PLANE('',#2766);
#2450=PLANE('',#2769);
#2451=PLANE('',#2770);
#2452=PLANE('',#2773);
#2453=PLANE('',#2774);
#2454=PLANE('',#2775);
#2455=PLANE('',#2778);
#2456=PLANE('',#2779);
#2457=PLANE('',#2780);
#2458=PLANE('',#2784);
#2459=PLANE('',#2788);
#2460=PLANE('',#2792);
#2461=PLANE('',#2796);
#2462=PLANE('',#2800);
#2463=PLANE('',#2804);
#2464=PLANE('',#2808);
#2465=PLANE('',#2812);
#2466=PLANE('',#2816);
#2467=PLANE('',#2820);
#2468=PLANE('',#2824);
#2469=PLANE('',#2828);
#2470=PLANE('',#2835);
#2471=PLANE('',#2839);
#2472=PLANE('',#2840);
#2473=PLANE('',#2843);
#2474=PLANE('',#2846);
#2475=PLANE('',#2849);
#2476=PLANE('',#2852);
#2477=PLANE('',#2855);
#2478=PLANE('',#2858);
#2479=PLANE('',#2863);
#2480=PLANE('',#2866);
#2481=PLANE('',#2869);
#2482=PLANE('',#2873);
#2483=PLANE('',#2877);
#2484=PLANE('',#2881);
#2485=PLANE('',#2885);
#2486=PLANE('',#2886);
#2487=ADVANCED_FACE('',(#219),#2415,.T.);
#2488=ADVANCED_FACE('',(#220),#2416,.T.);
#2489=ADVANCED_FACE('',(#221),#2417,.T.);
#2490=ADVANCED_FACE('',(#222),#2418,.T.);
#2491=ADVANCED_FACE('',(#223),#2419,.T.);
#2492=ADVANCED_FACE('',(#224),#159,.T.);
#2493=ADVANCED_FACE('',(#225),#2420,.T.);
#2494=ADVANCED_FACE('',(#226),#160,.T.);
#2495=ADVANCED_FACE('',(#227),#2421,.T.);
#2496=ADVANCED_FACE('',(#228),#161,.T.);
#2497=ADVANCED_FACE('',(#229),#2422,.T.);
#2498=ADVANCED_FACE('',(#230),#162,.T.);
#2499=ADVANCED_FACE('',(#231,#17),#2423,.T.);
#2500=ADVANCED_FACE('',(#232),#2424,.T.);
#2501=ADVANCED_FACE('',(#233),#2425,.F.);
#2502=ADVANCED_FACE('',(#234),#163,.F.);
#2503=ADVANCED_FACE('',(#235),#2426,.F.);
#2504=ADVANCED_FACE('',(#236),#164,.F.);
#2505=ADVANCED_FACE('',(#237),#2427,.F.);
#2506=ADVANCED_FACE('',(#238),#165,.F.);
#2507=ADVANCED_FACE('',(#239),#166,.F.);
#2508=ADVANCED_FACE('',(#240),#2428,.T.);
#2509=ADVANCED_FACE('',(#241),#2429,.F.);
#2510=ADVANCED_FACE('',(#242),#167,.F.);
#2511=ADVANCED_FACE('',(#243),#2430,.F.);
#2512=ADVANCED_FACE('',(#244),#168,.F.);
#2513=ADVANCED_FACE('',(#245),#2431,.F.);
#2514=ADVANCED_FACE('',(#246),#169,.F.);
#2515=ADVANCED_FACE('',(#247),#170,.F.);
#2516=ADVANCED_FACE('',(#248),#171,.F.);
#2517=ADVANCED_FACE('',(#249),#2432,.F.);
#2518=ADVANCED_FACE('',(#250),#172,.F.);
#2519=ADVANCED_FACE('',(#251),#2433,.F.);
#2520=ADVANCED_FACE('',(#252),#173,.F.);
#2521=ADVANCED_FACE('',(#253),#174,.F.);
#2522=ADVANCED_FACE('',(#254),#2434,.F.);
#2523=ADVANCED_FACE('',(#255),#175,.F.);
#2524=ADVANCED_FACE('',(#256),#2435,.F.);
#2525=ADVANCED_FACE('',(#257),#176,.F.);
#2526=ADVANCED_FACE('',(#258),#2436,.F.);
#2527=ADVANCED_FACE('',(#259),#177,.F.);
#2528=ADVANCED_FACE('',(#260),#2437,.F.);
#2529=ADVANCED_FACE('',(#261),#178,.F.);
#2530=ADVANCED_FACE('',(#262),#179,.F.);
#2531=ADVANCED_FACE('',(#263),#2438,.F.);
#2532=ADVANCED_FACE('',(#264),#180,.F.);
#2533=ADVANCED_FACE('',(#265),#2439,.F.);
#2534=ADVANCED_FACE('',(#266),#181,.F.);
#2535=ADVANCED_FACE('',(#267),#182,.F.);
#2536=ADVANCED_FACE('',(#268),#183,.F.);
#2537=ADVANCED_FACE('',(#269),#2440,.F.);
#2538=ADVANCED_FACE('',(#270),#184,.F.);
#2539=ADVANCED_FACE('',(#271),#2441,.F.);
#2540=ADVANCED_FACE('',(#272),#185,.F.);
#2541=ADVANCED_FACE('',(#273),#2442,.F.);
#2542=ADVANCED_FACE('',(#274),#186,.F.);
#2543=ADVANCED_FACE('',(#275),#2443,.F.);
#2544=ADVANCED_FACE('',(#276),#187,.F.);
#2545=ADVANCED_FACE('',(#277),#2444,.F.);
#2546=ADVANCED_FACE('',(#278),#2445,.F.);
#2547=ADVANCED_FACE('',(#279),#188,.F.);
#2548=ADVANCED_FACE('',(#280),#2446,.F.);
#2549=ADVANCED_FACE('',(#281),#189,.F.);
#2550=ADVANCED_FACE('',(#282),#2447,.T.);
#2551=ADVANCED_FACE('',(#283),#2448,.F.);
#2552=ADVANCED_FACE('',(#284),#2449,.T.);
#2553=ADVANCED_FACE('',(#285),#2450,.F.);
#2554=ADVANCED_FACE('',(#286),#2451,.T.);
#2555=ADVANCED_FACE('',(#287),#2452,.F.);
#2556=ADVANCED_FACE('',(#288),#2453,.F.);
#2557=ADVANCED_FACE('',(#289),#2454,.T.);
#2558=ADVANCED_FACE('',(#290),#2455,.F.);
#2559=ADVANCED_FACE('',(#291),#2456,.F.);
#2560=ADVANCED_FACE('',(#292),#2457,.F.);
#2561=ADVANCED_FACE('',(#293),#190,.F.);
#2562=ADVANCED_FACE('',(#294),#2458,.F.);
#2563=ADVANCED_FACE('',(#295),#191,.F.);
#2564=ADVANCED_FACE('',(#296),#2459,.F.);
#2565=ADVANCED_FACE('',(#297),#192,.F.);
#2566=ADVANCED_FACE('',(#298),#2460,.F.);
#2567=ADVANCED_FACE('',(#299),#193,.F.);
#2568=ADVANCED_FACE('',(#300),#2461,.F.);
#2569=ADVANCED_FACE('',(#301),#194,.F.);
#2570=ADVANCED_FACE('',(#302),#2462,.F.);
#2571=ADVANCED_FACE('',(#303),#195,.F.);
#2572=ADVANCED_FACE('',(#304),#2463,.F.);
#2573=ADVANCED_FACE('',(#305),#196,.F.);
#2574=ADVANCED_FACE('',(#306),#2464,.F.);
#2575=ADVANCED_FACE('',(#307),#197,.F.);
#2576=ADVANCED_FACE('',(#308),#2465,.F.);
#2577=ADVANCED_FACE('',(#309),#198,.F.);
#2578=ADVANCED_FACE('',(#310),#2466,.F.);
#2579=ADVANCED_FACE('',(#311),#199,.F.);
#2580=ADVANCED_FACE('',(#312),#2467,.F.);
#2581=ADVANCED_FACE('',(#313),#200,.F.);
#2582=ADVANCED_FACE('',(#314),#2468,.F.);
#2583=ADVANCED_FACE('',(#315),#201,.F.);
#2584=ADVANCED_FACE('',(#316),#2469,.F.);
#2585=ADVANCED_FACE('',(#317),#202,.F.);
#2586=ADVANCED_FACE('',(#318),#203,.F.);
#2587=ADVANCED_FACE('',(#319),#2470,.F.);
#2588=ADVANCED_FACE('',(#320),#204,.F.);
#2589=ADVANCED_FACE('',(#321),#2471,.T.);
#2590=ADVANCED_FACE('',(#322),#2472,.F.);
#2591=ADVANCED_FACE('',(#323),#205,.F.);
#2592=ADVANCED_FACE('',(#324),#2473,.F.);
#2593=ADVANCED_FACE('',(#325),#206,.F.);
#2594=ADVANCED_FACE('',(#326),#2474,.F.);
#2595=ADVANCED_FACE('',(#327),#207,.F.);
#2596=ADVANCED_FACE('',(#328),#2475,.F.);
#2597=ADVANCED_FACE('',(#329),#208,.F.);
#2598=ADVANCED_FACE('',(#330),#2476,.F.);
#2599=ADVANCED_FACE('',(#331),#209,.F.);
#2600=ADVANCED_FACE('',(#332),#2477,.F.);
#2601=ADVANCED_FACE('',(#333),#210,.F.);
#2602=ADVANCED_FACE('',(#334),#2478,.F.);
#2603=ADVANCED_FACE('',(#335),#211,.F.);
#2604=ADVANCED_FACE('',(#336),#212,.F.);
#2605=ADVANCED_FACE('',(#337),#2479,.F.);
#2606=ADVANCED_FACE('',(#338),#213,.F.);
#2607=ADVANCED_FACE('',(#339),#2480,.F.);
#2608=ADVANCED_FACE('',(#340),#214,.F.);
#2609=ADVANCED_FACE('',(#341),#2481,.T.);
#2610=ADVANCED_FACE('',(#342),#215,.T.);
#2611=ADVANCED_FACE('',(#343),#2482,.T.);
#2612=ADVANCED_FACE('',(#344),#216,.T.);
#2613=ADVANCED_FACE('',(#345),#2483,.T.);
#2614=ADVANCED_FACE('',(#346),#217,.T.);
#2615=ADVANCED_FACE('',(#347),#2484,.T.);
#2616=ADVANCED_FACE('',(#348),#218,.T.);
#2617=ADVANCED_FACE('',(#349,#18,#19,#20,#21,#22,#23,#24,#25,#26,#27),#2485,
 .T.);
#2618=ADVANCED_FACE('',(#350,#28,#29,#30,#31,#32,#33,#34,#35,#36,#37),#2486,
 .F.);
#2619=CLOSED_SHELL('',(#2487,#2488,#2489,#2490,#2491,#2492,#2493,#2494,
#2495,#2496,#2497,#2498,#2499,#2500,#2501));
#2620=CLOSED_SHELL('',(#2502,#2503,#2504,#2505,#2506,#2507,#2508,#2509,
#2510,#2511,#2512,#2513,#2514,#2515,#2516,#2517,#2518,#2519,#2520,#2521,
#2522,#2523,#2524,#2525,#2526,#2527,#2528,#2529,#2530,#2531,#2532,#2533,
#2534,#2535,#2536,#2537,#2538,#2539,#2540,#2541,#2542,#2543,#2544,#2545,
#2546,#2547,#2548,#2549,#2550,#2551,#2552,#2553,#2554,#2555,#2556,#2557,
#2558,#2559,#2560,#2561,#2562,#2563,#2564,#2565,#2566,#2567,#2568,#2569,
#2570,#2571,#2572,#2573,#2574,#2575,#2576,#2577,#2578,#2579,#2580,#2581,
#2582,#2583,#2584,#2585,#2586,#2587,#2588,#2589,#2590,#2591,#2592,#2593,
#2594,#2595,#2596,#2597,#2598,#2599,#2600,#2601,#2602,#2603,#2604,#2605,
#2606,#2607,#2608,#2609,#2610,#2611,#2612,#2613,#2614,#2615,#2616,#2617,
#2618));
#2621=DERIVED_UNIT_ELEMENT(#2623,1.);
#2622=DERIVED_UNIT_ELEMENT(#4425,-3.);
#2623=(
MASS_UNIT()
NAMED_UNIT(*)
SI_UNIT(.KILO.,.GRAM.)
);
#2624=DERIVED_UNIT((#2621,#2622));
#2625=MEASURE_REPRESENTATION_ITEM('density measure',
POSITIVE_RATIO_MEASURE(7850.),#2624);
#2626=PROPERTY_DEFINITION_REPRESENTATION(#2631,#2628);
#2627=PROPERTY_DEFINITION_REPRESENTATION(#2632,#2629);
#2628=REPRESENTATION('material name',(#2630),#4422);
#2629=REPRESENTATION('density',(#2625),#4422);
#2630=DESCRIPTIVE_REPRESENTATION_ITEM('Steel','Steel');
#2631=PROPERTY_DEFINITION('material property','material name',#4432);
#2632=PROPERTY_DEFINITION('material property','density of part',#4432);
#2633=AXIS2_PLACEMENT_3D('',#3654,#2887,#2888);
#2634=AXIS2_PLACEMENT_3D('',#3655,#2889,#2890);
#2635=AXIS2_PLACEMENT_3D('',#3664,#2895,#2896);
#2636=AXIS2_PLACEMENT_3D('',#3670,#2900,#2901);
#2637=AXIS2_PLACEMENT_3D('',#3676,#2905,#2906);
#2638=AXIS2_PLACEMENT_3D('',#3679,#2909,#2910);
#2639=AXIS2_PLACEMENT_3D('',#3688,#2915,#2916);
#2640=AXIS2_PLACEMENT_3D('',#3690,#2917,#2918);
#2641=AXIS2_PLACEMENT_3D('',#3692,#2919,#2920);
#2642=AXIS2_PLACEMENT_3D('',#3694,#2922,#2923);
#2643=AXIS2_PLACEMENT_3D('',#3700,#2927,#2928);
#2644=AXIS2_PLACEMENT_3D('',#3702,#2929,#2930);
#2645=AXIS2_PLACEMENT_3D('',#3704,#2931,#2932);
#2646=AXIS2_PLACEMENT_3D('',#3706,#2934,#2935);
#2647=AXIS2_PLACEMENT_3D('',#3712,#2939,#2940);
#2648=AXIS2_PLACEMENT_3D('',#3714,#2941,#2942);
#2649=AXIS2_PLACEMENT_3D('',#3716,#2943,#2944);
#2650=AXIS2_PLACEMENT_3D('',#3718,#2946,#2947);
#2651=AXIS2_PLACEMENT_3D('',#3724,#2951,#2952);
#2652=AXIS2_PLACEMENT_3D('',#3725,#2953,#2954);
#2653=AXIS2_PLACEMENT_3D('',#3726,#2955,#2956);
#2654=AXIS2_PLACEMENT_3D('',#3727,#2957,#2958);
#2655=AXIS2_PLACEMENT_3D('',#3728,#2959,#2960);
#2656=AXIS2_PLACEMENT_3D('',#3729,#2961,#2962);
#2657=AXIS2_PLACEMENT_3D('',#3730,#2963,#2964);
#2658=AXIS2_PLACEMENT_3D('',#3733,#2965,#2966);
#2659=AXIS2_PLACEMENT_3D('',#3737,#2968,#2969);
#2660=AXIS2_PLACEMENT_3D('',#3739,#2971,#2972);
#2661=AXIS2_PLACEMENT_3D('',#3745,#2976,#2977);
#2662=AXIS2_PLACEMENT_3D('',#3747,#2978,#2979);
#2663=AXIS2_PLACEMENT_3D('',#3749,#2980,#2981);
#2664=AXIS2_PLACEMENT_3D('',#3751,#2983,#2984);
#2665=AXIS2_PLACEMENT_3D('',#3760,#2989,#2990);
#2666=AXIS2_PLACEMENT_3D('',#3762,#2991,#2992);
#2667=AXIS2_PLACEMENT_3D('',#3765,#2994,#2995);
#2668=AXIS2_PLACEMENT_3D('',#3766,#2996,#2997);
#2669=AXIS2_PLACEMENT_3D('',#3768,#2998,#2999);
#2670=AXIS2_PLACEMENT_3D('',#3770,#3000,#3001);
#2671=AXIS2_PLACEMENT_3D('',#3772,#3003,#3004);
#2672=AXIS2_PLACEMENT_3D('',#3776,#3006,#3007);
#2673=AXIS2_PLACEMENT_3D('',#3780,#3009,#3010);
#2674=AXIS2_PLACEMENT_3D('',#3782,#3012,#3013);
#2675=AXIS2_PLACEMENT_3D('',#3787,#3017,#3018);
#2676=AXIS2_PLACEMENT_3D('',#3790,#3019,#3020);
#2677=AXIS2_PLACEMENT_3D('',#3794,#3022,#3023);
#2678=AXIS2_PLACEMENT_3D('',#3796,#3025,#3026);
#2679=AXIS2_PLACEMENT_3D('',#3802,#3030,#3031);
#2680=AXIS2_PLACEMENT_3D('',#3804,#3032,#3033);
#2681=AXIS2_PLACEMENT_3D('',#3806,#3034,#3035);
#2682=AXIS2_PLACEMENT_3D('',#3808,#3037,#3038);
#2683=AXIS2_PLACEMENT_3D('',#3817,#3043,#3044);
#2684=AXIS2_PLACEMENT_3D('',#3819,#3045,#3046);
#2685=AXIS2_PLACEMENT_3D('',#3822,#3048,#3049);
#2686=AXIS2_PLACEMENT_3D('',#3823,#3050,#3051);
#2687=AXIS2_PLACEMENT_3D('',#3825,#3052,#3053);
#2688=AXIS2_PLACEMENT_3D('',#3827,#3054,#3055);
#2689=AXIS2_PLACEMENT_3D('',#3829,#3057,#3058);
#2690=AXIS2_PLACEMENT_3D('',#3832,#3059,#3060);
#2691=AXIS2_PLACEMENT_3D('',#3836,#3062,#3063);
#2692=AXIS2_PLACEMENT_3D('',#3838,#3065,#3066);
#2693=AXIS2_PLACEMENT_3D('',#3844,#3070,#3071);
#2694=AXIS2_PLACEMENT_3D('',#3846,#3072,#3073);
#2695=AXIS2_PLACEMENT_3D('',#3848,#3074,#3075);
#2696=AXIS2_PLACEMENT_3D('',#3850,#3077,#3078);
#2697=AXIS2_PLACEMENT_3D('',#3859,#3083,#3084);
#2698=AXIS2_PLACEMENT_3D('',#3861,#3085,#3086);
#2699=AXIS2_PLACEMENT_3D('',#3864,#3088,#3089);
#2700=AXIS2_PLACEMENT_3D('',#3865,#3090,#3091);
#2701=AXIS2_PLACEMENT_3D('',#3867,#3092,#3093);
#2702=AXIS2_PLACEMENT_3D('',#3869,#3094,#3095);
#2703=AXIS2_PLACEMENT_3D('',#3871,#3097,#3098);
#2704=AXIS2_PLACEMENT_3D('',#3880,#3103,#3104);
#2705=AXIS2_PLACEMENT_3D('',#3882,#3105,#3106);
#2706=AXIS2_PLACEMENT_3D('',#3885,#3108,#3109);
#2707=AXIS2_PLACEMENT_3D('',#3886,#3110,#3111);
#2708=AXIS2_PLACEMENT_3D('',#3892,#3115,#3116);
#2709=AXIS2_PLACEMENT_3D('',#3894,#3117,#3118);
#2710=AXIS2_PLACEMENT_3D('',#3897,#3120,#3121);
#2711=AXIS2_PLACEMENT_3D('',#3898,#3122,#3123);
#2712=AXIS2_PLACEMENT_3D('',#3904,#3127,#3128);
#2713=AXIS2_PLACEMENT_3D('',#3906,#3129,#3130);
#2714=AXIS2_PLACEMENT_3D('',#3909,#3132,#3133);
#2715=AXIS2_PLACEMENT_3D('',#3910,#3134,#3135);
#2716=AXIS2_PLACEMENT_3D('',#3916,#3139,#3140);
#2717=AXIS2_PLACEMENT_3D('',#3917,#3141,#3142);
#2718=AXIS2_PLACEMENT_3D('',#3918,#3143,#3144);
#2719=AXIS2_PLACEMENT_3D('',#3919,#3145,#3146);
#2720=AXIS2_PLACEMENT_3D('',#3922,#3147,#3148);
#2721=AXIS2_PLACEMENT_3D('',#3926,#3150,#3151);
#2722=AXIS2_PLACEMENT_3D('',#3928,#3153,#3154);
#2723=AXIS2_PLACEMENT_3D('',#3934,#3158,#3159);
#2724=AXIS2_PLACEMENT_3D('',#3936,#3160,#3161);
#2725=AXIS2_PLACEMENT_3D('',#3938,#3162,#3163);
#2726=AXIS2_PLACEMENT_3D('',#3940,#3165,#3166);
#2727=AXIS2_PLACEMENT_3D('',#3949,#3171,#3172);
#2728=AXIS2_PLACEMENT_3D('',#3951,#3173,#3174);
#2729=AXIS2_PLACEMENT_3D('',#3954,#3176,#3177);
#2730=AXIS2_PLACEMENT_3D('',#3955,#3178,#3179);
#2731=AXIS2_PLACEMENT_3D('',#3957,#3180,#3181);
#2732=AXIS2_PLACEMENT_3D('',#3959,#3182,#3183);
#2733=AXIS2_PLACEMENT_3D('',#3961,#3185,#3186);
#2734=AXIS2_PLACEMENT_3D('',#3966,#3188,#3189);
#2735=AXIS2_PLACEMENT_3D('',#3970,#3191,#3192);
#2736=AXIS2_PLACEMENT_3D('',#3973,#3194,#3195);
#2737=AXIS2_PLACEMENT_3D('',#3974,#3196,#3197);
#2738=AXIS2_PLACEMENT_3D('',#3980,#3201,#3202);
#2739=AXIS2_PLACEMENT_3D('',#3982,#3203,#3204);
#2740=AXIS2_PLACEMENT_3D('',#3984,#3205,#3206);
#2741=AXIS2_PLACEMENT_3D('',#3986,#3208,#3209);
#2742=AXIS2_PLACEMENT_3D('',#3995,#3214,#3215);
#2743=AXIS2_PLACEMENT_3D('',#3997,#3216,#3217);
#2744=AXIS2_PLACEMENT_3D('',#4000,#3219,#3220);
#2745=AXIS2_PLACEMENT_3D('',#4001,#3221,#3222);
#2746=AXIS2_PLACEMENT_3D('',#4004,#3225,#3226);
#2747=AXIS2_PLACEMENT_3D('',#4006,#3227,#3228);
#2748=AXIS2_PLACEMENT_3D('',#4008,#3229,#3230);
#2749=AXIS2_PLACEMENT_3D('',#4010,#3232,#3233);
#2750=AXIS2_PLACEMENT_3D('',#4023,#3240,#3241);
#2751=AXIS2_PLACEMENT_3D('',#4025,#3242,#3243);
#2752=AXIS2_PLACEMENT_3D('',#4028,#3245,#3246);
#2753=AXIS2_PLACEMENT_3D('',#4029,#3247,#3248);
#2754=AXIS2_PLACEMENT_3D('',#4035,#3252,#3253);
#2755=AXIS2_PLACEMENT_3D('',#4044,#3258,#3259);
#2756=AXIS2_PLACEMENT_3D('',#4046,#3260,#3261);
#2757=AXIS2_PLACEMENT_3D('',#4048,#3262,#3263);
#2758=AXIS2_PLACEMENT_3D('',#4050,#3265,#3266);
#2759=AXIS2_PLACEMENT_3D('',#4056,#3270,#3271);
#2760=AXIS2_PLACEMENT_3D('',#4057,#3272,#3273);
#2761=AXIS2_PLACEMENT_3D('',#4058,#3274,#3275);
#2762=AXIS2_PLACEMENT_3D('',#4059,#3276,#3277);
#2763=AXIS2_PLACEMENT_3D('',#4063,#3279,#3280);
#2764=AXIS2_PLACEMENT_3D('',#4067,#3282,#3283);
#2765=AXIS2_PLACEMENT_3D('',#4069,#3285,#3286);
#2766=AXIS2_PLACEMENT_3D('',#4074,#3290,#3291);
#2767=AXIS2_PLACEMENT_3D('',#4078,#3293,#3294);
#2768=AXIS2_PLACEMENT_3D('',#4082,#3296,#3297);
#2769=AXIS2_PLACEMENT_3D('',#4084,#3299,#3300);
#2770=AXIS2_PLACEMENT_3D('',#4089,#3304,#3305);
#2771=AXIS2_PLACEMENT_3D('',#4093,#3307,#3308);
#2772=AXIS2_PLACEMENT_3D('',#4097,#3310,#3311);
#2773=AXIS2_PLACEMENT_3D('',#4099,#3313,#3314);
#2774=AXIS2_PLACEMENT_3D('',#4104,#3318,#3319);
#2775=AXIS2_PLACEMENT_3D('',#4110,#3323,#3324);
#2776=AXIS2_PLACEMENT_3D('',#4114,#3326,#3327);
#2777=AXIS2_PLACEMENT_3D('',#4117,#3329,#3330);
#2778=AXIS2_PLACEMENT_3D('',#4118,#3331,#3332);
#2779=AXIS2_PLACEMENT_3D('',#4123,#3336,#3337);
#2780=AXIS2_PLACEMENT_3D('',#4129,#3341,#3342);
#2781=AXIS2_PLACEMENT_3D('',#4138,#3347,#3348);
#2782=AXIS2_PLACEMENT_3D('',#4140,#3349,#3350);
#2783=AXIS2_PLACEMENT_3D('',#4143,#3352,#3353);
#2784=AXIS2_PLACEMENT_3D('',#4144,#3354,#3355);
#2785=AXIS2_PLACEMENT_3D('',#4150,#3359,#3360);
#2786=AXIS2_PLACEMENT_3D('',#4152,#3361,#3362);
#2787=AXIS2_PLACEMENT_3D('',#4155,#3364,#3365);
#2788=AXIS2_PLACEMENT_3D('',#4156,#3366,#3367);
#2789=AXIS2_PLACEMENT_3D('',#4162,#3371,#3372);
#2790=AXIS2_PLACEMENT_3D('',#4164,#3373,#3374);
#2791=AXIS2_PLACEMENT_3D('',#4167,#3376,#3377);
#2792=AXIS2_PLACEMENT_3D('',#4168,#3378,#3379);
#2793=AXIS2_PLACEMENT_3D('',#4174,#3383,#3384);
#2794=AXIS2_PLACEMENT_3D('',#4175,#3385,#3386);
#2795=AXIS2_PLACEMENT_3D('',#4176,#3387,#3388);
#2796=AXIS2_PLACEMENT_3D('',#4177,#3389,#3390);
#2797=AXIS2_PLACEMENT_3D('',#4186,#3395,#3396);
#2798=AXIS2_PLACEMENT_3D('',#4188,#3397,#3398);
#2799=AXIS2_PLACEMENT_3D('',#4191,#3400,#3401);
#2800=AXIS2_PLACEMENT_3D('',#4192,#3402,#3403);
#2801=AXIS2_PLACEMENT_3D('',#4198,#3407,#3408);
#2802=AXIS2_PLACEMENT_3D('',#4200,#3409,#3410);
#2803=AXIS2_PLACEMENT_3D('',#4203,#3412,#3413);
#2804=AXIS2_PLACEMENT_3D('',#4204,#3414,#3415);
#2805=AXIS2_PLACEMENT_3D('',#4210,#3419,#3420);
#2806=AXIS2_PLACEMENT_3D('',#4212,#3421,#3422);
#2807=AXIS2_PLACEMENT_3D('',#4215,#3424,#3425);
#2808=AXIS2_PLACEMENT_3D('',#4216,#3426,#3427);
#2809=AXIS2_PLACEMENT_3D('',#4222,#3431,#3432);
#2810=AXIS2_PLACEMENT_3D('',#4223,#3433,#3434);
#2811=AXIS2_PLACEMENT_3D('',#4224,#3435,#3436);
#2812=AXIS2_PLACEMENT_3D('',#4225,#3437,#3438);
#2813=AXIS2_PLACEMENT_3D('',#4234,#3443,#3444);
#2814=AXIS2_PLACEMENT_3D('',#4236,#3445,#3446);
#2815=AXIS2_PLACEMENT_3D('',#4239,#3448,#3449);
#2816=AXIS2_PLACEMENT_3D('',#4240,#3450,#3451);
#2817=AXIS2_PLACEMENT_3D('',#4246,#3455,#3456);
#2818=AXIS2_PLACEMENT_3D('',#4248,#3457,#3458);
#2819=AXIS2_PLACEMENT_3D('',#4251,#3460,#3461);
#2820=AXIS2_PLACEMENT_3D('',#4252,#3462,#3463);
#2821=AXIS2_PLACEMENT_3D('',#4258,#3467,#3468);
#2822=AXIS2_PLACEMENT_3D('',#4260,#3469,#3470);
#2823=AXIS2_PLACEMENT_3D('',#4263,#3472,#3473);
#2824=AXIS2_PLACEMENT_3D('',#4264,#3474,#3475);
#2825=AXIS2_PLACEMENT_3D('',#4270,#3479,#3480);
#2826=AXIS2_PLACEMENT_3D('',#4271,#3481,#3482);
#2827=AXIS2_PLACEMENT_3D('',#4272,#3483,#3484);
#2828=AXIS2_PLACEMENT_3D('',#4273,#3485,#3486);
#2829=AXIS2_PLACEMENT_3D('',#4282,#3491,#3492);
#2830=AXIS2_PLACEMENT_3D('',#4283,#3493,#3494);
#2831=AXIS2_PLACEMENT_3D('',#4284,#3495,#3496);
#2832=AXIS2_PLACEMENT_3D('',#4285,#3497,#3498);
#2833=AXIS2_PLACEMENT_3D('',#4287,#3499,#3500);
#2834=AXIS2_PLACEMENT_3D('',#4288,#3501,#3502);
#2835=AXIS2_PLACEMENT_3D('',#4290,#3504,#3505);
#2836=AXIS2_PLACEMENT_3D('',#4296,#3509,#3510);
#2837=AXIS2_PLACEMENT_3D('',#4297,#3511,#3512);
#2838=AXIS2_PLACEMENT_3D('',#4298,#3513,#3514);
#2839=AXIS2_PLACEMENT_3D('',#4299,#3515,#3516);
#2840=AXIS2_PLACEMENT_3D('',#4300,#3517,#3518);
#2841=AXIS2_PLACEMENT_3D('',#4306,#3522,#3523);
#2842=AXIS2_PLACEMENT_3D('',#4307,#3524,#3525);
#2843=AXIS2_PLACEMENT_3D('',#4308,#3526,#3527);
#2844=AXIS2_PLACEMENT_3D('',#4313,#3531,#3532);
#2845=AXIS2_PLACEMENT_3D('',#4314,#3533,#3534);
#2846=AXIS2_PLACEMENT_3D('',#4315,#3535,#3536);
#2847=AXIS2_PLACEMENT_3D('',#4321,#3540,#3541);
#2848=AXIS2_PLACEMENT_3D('',#4322,#3542,#3543);
#2849=AXIS2_PLACEMENT_3D('',#4323,#3544,#3545);
#2850=AXIS2_PLACEMENT_3D('',#4328,#3549,#3550);
#2851=AXIS2_PLACEMENT_3D('',#4329,#3551,#3552);
#2852=AXIS2_PLACEMENT_3D('',#4330,#3553,#3554);
#2853=AXIS2_PLACEMENT_3D('',#4336,#3558,#3559);
#2854=AXIS2_PLACEMENT_3D('',#4337,#3560,#3561);
#2855=AXIS2_PLACEMENT_3D('',#4338,#3562,#3563);
#2856=AXIS2_PLACEMENT_3D('',#4343,#3567,#3568);
#2857=AXIS2_PLACEMENT_3D('',#4344,#3569,#3570);
#2858=AXIS2_PLACEMENT_3D('',#4345,#3571,#3572);
#2859=AXIS2_PLACEMENT_3D('',#4351,#3576,#3577);
#2860=AXIS2_PLACEMENT_3D('',#4352,#3578,#3579);
#2861=AXIS2_PLACEMENT_3D('',#4353,#3580,#3581);
#2862=AXIS2_PLACEMENT_3D('',#4354,#3582,#3583);
#2863=AXIS2_PLACEMENT_3D('',#4355,#3584,#3585);
#2864=AXIS2_PLACEMENT_3D('',#4361,#3589,#3590);
#2865=AXIS2_PLACEMENT_3D('',#4362,#3591,#3592);
#2866=AXIS2_PLACEMENT_3D('',#4363,#3593,#3594);
#2867=AXIS2_PLACEMENT_3D('',#4368,#3598,#3599);
#2868=AXIS2_PLACEMENT_3D('',#4369,#3600,#3601);
#2869=AXIS2_PLACEMENT_3D('',#4370,#3602,#3603);
#2870=AXIS2_PLACEMENT_3D('',#4379,#3608,#3609);
#2871=AXIS2_PLACEMENT_3D('',#4381,#3610,#3611);
#2872=AXIS2_PLACEMENT_3D('',#4383,#3612,#3613);
#2873=AXIS2_PLACEMENT_3D('',#4385,#3615,#3616);
#2874=AXIS2_PLACEMENT_3D('',#4391,#3620,#3621);
#2875=AXIS2_PLACEMENT_3D('',#4393,#3622,#3623);
#2876=AXIS2_PLACEMENT_3D('',#4395,#3624,#3625);
#2877=AXIS2_PLACEMENT_3D('',#4397,#3627,#3628);
#2878=AXIS2_PLACEMENT_3D('',#4403,#3632,#3633);
#2879=AXIS2_PLACEMENT_3D('',#4405,#3634,#3635);
#2880=AXIS2_PLACEMENT_3D('',#4407,#3636,#3637);
#2881=AXIS2_PLACEMENT_3D('',#4409,#3639,#3640);
#2882=AXIS2_PLACEMENT_3D('',#4415,#3644,#3645);
#2883=AXIS2_PLACEMENT_3D('',#4416,#3646,#3647);
#2884=AXIS2_PLACEMENT_3D('',#4417,#3648,#3649);
#2885=AXIS2_PLACEMENT_3D('',#4418,#3650,#3651);
#2886=AXIS2_PLACEMENT_3D('',#4419,#3652,#3653);
#2887=DIRECTION('axis',(0.,0.,1.));
#2888=DIRECTION('refdir',(1.,0.,0.));
#2889=DIRECTION('center_axis',(-1.,0.,0.));
#2890=DIRECTION('ref_axis',(0.,-1.,0.));
#2891=DIRECTION('',(0.,1.,0.));
#2892=DIRECTION('',(0.,0.,1.));
#2893=DIRECTION('',(0.,-1.,0.));
#2894=DIRECTION('',(0.,0.,1.));
#2895=DIRECTION('center_axis',(1.32563943238825E-16,1.,0.));
#2896=DIRECTION('ref_axis',(-1.,1.32563943238825E-16,0.));
#2897=DIRECTION('',(1.,-1.32563943238825E-16,0.));
#2898=DIRECTION('',(0.,0.,1.));
#2899=DIRECTION('',(-1.,1.32563943238825E-16,0.));
#2900=DIRECTION('center_axis',(0.,-1.,0.));
#2901=DIRECTION('ref_axis',(1.,0.,0.));
#2902=DIRECTION('',(-1.,0.,0.));
#2903=DIRECTION('',(1.,0.,0.));
#2904=DIRECTION('',(0.,0.,1.));
#2905=DIRECTION('center_axis',(1.,0.,0.));
#2906=DIRECTION('ref_axis',(0.,1.,0.));
#2907=DIRECTION('',(0.,-1.,0.));
#2908=DIRECTION('',(0.,1.,0.));
#2909=DIRECTION('center_axis',(-1.32423479851472E-16,1.,0.));
#2910=DIRECTION('ref_axis',(-1.,-1.32423479851472E-16,0.));
#2911=DIRECTION('',(1.,1.32423479851472E-16,0.));
#2912=DIRECTION('',(0.,0.,1.));
#2913=DIRECTION('',(-1.,-1.32423479851472E-16,0.));
#2914=DIRECTION('',(0.,0.,1.));
#2915=DIRECTION('center_axis',(0.,0.,1.));
#2916=DIRECTION('ref_axis',(1.,0.,0.));
#2917=DIRECTION('center_axis',(0.,0.,1.));
#2918=DIRECTION('ref_axis',(1.,0.,0.));
#2919=DIRECTION('center_axis',(0.,0.,1.));
#2920=DIRECTION('ref_axis',(1.,0.,0.));
#2921=DIRECTION('',(0.,0.,1.));
#2922=DIRECTION('center_axis',(1.,0.,0.));
#2923=DIRECTION('ref_axis',(0.,1.,0.));
#2924=DIRECTION('',(0.,-1.,0.));
#2925=DIRECTION('',(0.,1.,0.));
#2926=DIRECTION('',(0.,0.,1.));
#2927=DIRECTION('center_axis',(0.,0.,1.));
#2928=DIRECTION('ref_axis',(0.,-1.,0.));
#2929=DIRECTION('center_axis',(0.,0.,1.));
#2930=DIRECTION('ref_axis',(0.,-1.,0.));
#2931=DIRECTION('center_axis',(0.,0.,1.));
#2932=DIRECTION('ref_axis',(0.,-1.,0.));
#2933=DIRECTION('',(0.,0.,1.));
#2934=DIRECTION('center_axis',(0.,-1.,0.));
#2935=DIRECTION('ref_axis',(1.,0.,0.));
#2936=DIRECTION('',(-1.,0.,0.));
#2937=DIRECTION('',(1.,0.,0.));
#2938=DIRECTION('',(0.,0.,1.));
#2939=DIRECTION('center_axis',(0.,0.,1.));
#2940=DIRECTION('ref_axis',(-1.,0.,0.));
#2941=DIRECTION('center_axis',(0.,0.,1.));
#2942=DIRECTION('ref_axis',(-1.,0.,0.));
#2943=DIRECTION('center_axis',(0.,0.,1.));
#2944=DIRECTION('ref_axis',(-1.,0.,0.));
#2945=DIRECTION('',(0.,0.,1.));
#2946=DIRECTION('center_axis',(-1.,0.,0.));
#2947=DIRECTION('ref_axis',(0.,-1.,0.));
#2948=DIRECTION('',(0.,1.,0.));
#2949=DIRECTION('',(0.,-1.,0.));
#2950=DIRECTION('',(0.,0.,1.));
#2951=DIRECTION('center_axis',(0.,0.,1.));
#2952=DIRECTION('ref_axis',(0.,1.,0.));
#2953=DIRECTION('center_axis',(0.,0.,1.));
#2954=DIRECTION('ref_axis',(0.,1.,0.));
#2955=DIRECTION('center_axis',(0.,0.,1.));
#2956=DIRECTION('ref_axis',(0.,1.,0.));
#2957=DIRECTION('center_axis',(0.,0.,1.));
#2958=DIRECTION('ref_axis',(1.,0.,0.));
#2959=DIRECTION('center_axis',(0.,0.,1.));
#2960=DIRECTION('ref_axis',(1.,0.,0.));
#2961=DIRECTION('center_axis',(0.,0.,1.));
#2962=DIRECTION('ref_axis',(1.,0.,0.));
#2963=DIRECTION('center_axis',(0.,0.,1.));
#2964=DIRECTION('ref_axis',(0.,-1.,0.));
#2965=DIRECTION('center_axis',(0.,0.,-1.));
#2966=DIRECTION('ref_axis',(0.,-1.,0.));
#2967=DIRECTION('',(0.,0.,1.));
#2968=DIRECTION('center_axis',(0.,0.,1.));
#2969=DIRECTION('ref_axis',(0.,-1.,0.));
#2970=DIRECTION('',(0.,0.,1.));
#2971=DIRECTION('center_axis',(0.,-1.,0.));
#2972=DIRECTION('ref_axis',(1.,0.,0.));
#2973=DIRECTION('',(-1.,0.,0.));
#2974=DIRECTION('',(1.,0.,0.));
#2975=DIRECTION('',(0.,0.,1.));
#2976=DIRECTION('center_axis',(0.,0.,1.));
#2977=DIRECTION('ref_axis',(-1.,-4.44089209850064E-15,0.));
#2978=DIRECTION('center_axis',(0.,0.,-1.));
#2979=DIRECTION('ref_axis',(-1.,-4.44089209850064E-15,0.));
#2980=DIRECTION('center_axis',(0.,0.,1.));
#2981=DIRECTION('ref_axis',(-1.,-4.44089209850064E-15,0.));
#2982=DIRECTION('',(0.,0.,1.));
#2983=DIRECTION('center_axis',(0.,1.,0.));
#2984=DIRECTION('ref_axis',(-1.,0.,0.));
#2985=DIRECTION('',(-1.,0.,0.));
#2986=DIRECTION('',(0.,0.,1.));
#2987=DIRECTION('',(1.,0.,0.));
#2988=DIRECTION('',(0.,0.,1.));
#2989=DIRECTION('center_axis',(0.,0.,1.));
#2990=DIRECTION('ref_axis',(1.,0.,0.));
#2991=DIRECTION('center_axis',(0.,0.,1.));
#2992=DIRECTION('ref_axis',(1.,0.,0.));
#2993=DIRECTION('',(0.,0.,1.));
#2994=DIRECTION('center_axis',(0.,0.,-1.));
#2995=DIRECTION('ref_axis',(1.,0.,0.));
#2996=DIRECTION('center_axis',(0.,0.,1.));
#2997=DIRECTION('ref_axis',(0.,1.,0.));
#2998=DIRECTION('center_axis',(0.,0.,1.));
#2999=DIRECTION('ref_axis',(0.,1.,0.));
#3000=DIRECTION('center_axis',(0.,0.,-1.));
#3001=DIRECTION('ref_axis',(0.,1.,0.));
#3002=DIRECTION('',(0.,0.,1.));
#3003=DIRECTION('center_axis',(0.,0.,1.));
#3004=DIRECTION('ref_axis',(1.,0.,0.));
#3005=DIRECTION('',(0.,-1.,0.));
#3006=DIRECTION('center_axis',(0.,0.,1.));
#3007=DIRECTION('ref_axis',(-1.,4.44089209850064E-15,0.));
#3008=DIRECTION('',(1.,0.,0.));
#3009=DIRECTION('center_axis',(0.,0.,1.));
#3010=DIRECTION('ref_axis',(0.,-1.,0.));
#3011=DIRECTION('',(0.,-1.,0.));
#3012=DIRECTION('center_axis',(-1.,0.,0.));
#3013=DIRECTION('ref_axis',(0.,-1.,0.));
#3014=DIRECTION('',(0.,1.,0.));
#3015=DIRECTION('',(0.,0.,1.));
#3016=DIRECTION('',(0.,-1.,0.));
#3017=DIRECTION('center_axis',(0.,0.,1.));
#3018=DIRECTION('ref_axis',(0.,-1.,0.));
#3019=DIRECTION('center_axis',(0.,0.,-1.));
#3020=DIRECTION('ref_axis',(0.,-1.,0.));
#3021=DIRECTION('',(0.,0.,1.));
#3022=DIRECTION('center_axis',(0.,0.,1.));
#3023=DIRECTION('ref_axis',(0.,-1.,0.));
#3024=DIRECTION('',(0.,0.,1.));
#3025=DIRECTION('center_axis',(0.,-1.,0.));
#3026=DIRECTION('ref_axis',(1.,0.,0.));
#3027=DIRECTION('',(-1.,0.,0.));
#3028=DIRECTION('',(1.,0.,0.));
#3029=DIRECTION('',(0.,0.,1.));
#3030=DIRECTION('center_axis',(0.,0.,1.));
#3031=DIRECTION('ref_axis',(-1.,4.44089209850064E-15,0.));
#3032=DIRECTION('center_axis',(0.,0.,-1.));
#3033=DIRECTION('ref_axis',(-1.,4.44089209850064E-15,0.));
#3034=DIRECTION('center_axis',(0.,0.,1.));
#3035=DIRECTION('ref_axis',(-1.,4.44089209850064E-15,0.));
#3036=DIRECTION('',(0.,0.,1.));
#3037=DIRECTION('center_axis',(0.,1.,0.));
#3038=DIRECTION('ref_axis',(-1.,0.,0.));
#3039=DIRECTION('',(-1.,0.,0.));
#3040=DIRECTION('',(0.,0.,1.));
#3041=DIRECTION('',(1.,0.,0.));
#3042=DIRECTION('',(0.,0.,1.));
#3043=DIRECTION('center_axis',(0.,0.,1.));
#3044=DIRECTION('ref_axis',(1.,0.,0.));
#3045=DIRECTION('center_axis',(0.,0.,1.));
#3046=DIRECTION('ref_axis',(1.,0.,0.));
#3047=DIRECTION('',(0.,0.,1.));
#3048=DIRECTION('center_axis',(0.,0.,-1.));
#3049=DIRECTION('ref_axis',(1.,0.,0.));
#3050=DIRECTION('center_axis',(0.,0.,1.));
#3051=DIRECTION('ref_axis',(0.,1.,0.));
#3052=DIRECTION('center_axis',(0.,0.,1.));
#3053=DIRECTION('ref_axis',(0.,1.,0.));
#3054=DIRECTION('center_axis',(0.,0.,-1.));
#3055=DIRECTION('ref_axis',(0.,1.,0.));
#3056=DIRECTION('',(0.,0.,1.));
#3057=DIRECTION('center_axis',(0.,0.,1.));
#3058=DIRECTION('ref_axis',(0.,-1.,0.));
#3059=DIRECTION('center_axis',(0.,0.,-1.));
#3060=DIRECTION('ref_axis',(0.,-1.,0.));
#3061=DIRECTION('',(0.,0.,1.));
#3062=DIRECTION('center_axis',(0.,0.,1.));
#3063=DIRECTION('ref_axis',(0.,-1.,0.));
#3064=DIRECTION('',(0.,0.,1.));
#3065=DIRECTION('center_axis',(0.,-1.,0.));
#3066=DIRECTION('ref_axis',(1.,0.,0.));
#3067=DIRECTION('',(-1.,0.,0.));
#3068=DIRECTION('',(1.,0.,0.));
#3069=DIRECTION('',(0.,0.,1.));
#3070=DIRECTION('center_axis',(0.,0.,1.));
#3071=DIRECTION('ref_axis',(-1.,0.,0.));
#3072=DIRECTION('center_axis',(0.,0.,-1.));
#3073=DIRECTION('ref_axis',(-1.,0.,0.));
#3074=DIRECTION('center_axis',(0.,0.,1.));
#3075=DIRECTION('ref_axis',(-1.,0.,0.));
#3076=DIRECTION('',(0.,0.,1.));
#3077=DIRECTION('center_axis',(0.,1.,0.));
#3078=DIRECTION('ref_axis',(-1.,0.,0.));
#3079=DIRECTION('',(-1.,0.,0.));
#3080=DIRECTION('',(0.,0.,1.));
#3081=DIRECTION('',(1.,0.,0.));
#3082=DIRECTION('',(0.,0.,1.));
#3083=DIRECTION('center_axis',(0.,0.,1.));
#3084=DIRECTION('ref_axis',(1.,0.,0.));
#3085=DIRECTION('center_axis',(0.,0.,1.));
#3086=DIRECTION('ref_axis',(1.,0.,0.));
#3087=DIRECTION('',(0.,0.,1.));
#3088=DIRECTION('center_axis',(0.,0.,-1.));
#3089=DIRECTION('ref_axis',(1.,0.,0.));
#3090=DIRECTION('center_axis',(0.,0.,1.));
#3091=DIRECTION('ref_axis',(0.,1.,0.));
#3092=DIRECTION('center_axis',(0.,0.,1.));
#3093=DIRECTION('ref_axis',(0.,1.,0.));
#3094=DIRECTION('center_axis',(0.,0.,-1.));
#3095=DIRECTION('ref_axis',(0.,1.,0.));
#3096=DIRECTION('',(0.,0.,1.));
#3097=DIRECTION('center_axis',(0.,1.,0.));
#3098=DIRECTION('ref_axis',(-1.,0.,0.));
#3099=DIRECTION('',(-1.,0.,0.));
#3100=DIRECTION('',(0.,0.,1.));
#3101=DIRECTION('',(1.,0.,0.));
#3102=DIRECTION('',(0.,0.,1.));
#3103=DIRECTION('center_axis',(0.,0.,1.));
#3104=DIRECTION('ref_axis',(1.,0.,0.));
#3105=DIRECTION('center_axis',(0.,0.,1.));
#3106=DIRECTION('ref_axis',(1.,0.,0.));
#3107=DIRECTION('',(0.,0.,1.));
#3108=DIRECTION('center_axis',(0.,0.,-1.));
#3109=DIRECTION('ref_axis',(1.,0.,0.));
#3110=DIRECTION('center_axis',(1.,0.,0.));
#3111=DIRECTION('ref_axis',(0.,1.,0.));
#3112=DIRECTION('',(0.,1.,0.));
#3113=DIRECTION('',(0.,0.,1.));
#3114=DIRECTION('',(0.,-1.,0.));
#3115=DIRECTION('center_axis',(0.,0.,1.));
#3116=DIRECTION('ref_axis',(0.,-1.,0.));
#3117=DIRECTION('center_axis',(0.,0.,1.));
#3118=DIRECTION('ref_axis',(0.,-1.,0.));
#3119=DIRECTION('',(0.,0.,1.));
#3120=DIRECTION('center_axis',(0.,0.,-1.));
#3121=DIRECTION('ref_axis',(0.,-1.,0.));
#3122=DIRECTION('center_axis',(0.,-1.,0.));
#3123=DIRECTION('ref_axis',(1.,0.,0.));
#3124=DIRECTION('',(1.,0.,0.));
#3125=DIRECTION('',(0.,0.,1.));
#3126=DIRECTION('',(-1.,0.,0.));
#3127=DIRECTION('center_axis',(0.,0.,1.));
#3128=DIRECTION('ref_axis',(-1.,4.44089209850064E-15,0.));
#3129=DIRECTION('center_axis',(0.,0.,1.));
#3130=DIRECTION('ref_axis',(-1.,4.44089209850064E-15,0.));
#3131=DIRECTION('',(0.,0.,1.));
#3132=DIRECTION('center_axis',(0.,0.,-1.));
#3133=DIRECTION('ref_axis',(-1.,4.44089209850064E-15,0.));
#3134=DIRECTION('center_axis',(-1.,0.,0.));
#3135=DIRECTION('ref_axis',(0.,-1.,0.));
#3136=DIRECTION('',(0.,-1.,0.));
#3137=DIRECTION('',(0.,0.,1.));
#3138=DIRECTION('',(0.,1.,0.));
#3139=DIRECTION('center_axis',(0.,0.,1.));
#3140=DIRECTION('ref_axis',(0.,1.,0.));
#3141=DIRECTION('center_axis',(0.,0.,1.));
#3142=DIRECTION('ref_axis',(0.,1.,0.));
#3143=DIRECTION('center_axis',(0.,0.,-1.));
#3144=DIRECTION('ref_axis',(0.,1.,0.));
#3145=DIRECTION('center_axis',(0.,0.,1.));
#3146=DIRECTION('ref_axis',(0.,-1.,0.));
#3147=DIRECTION('center_axis',(0.,0.,-1.));
#3148=DIRECTION('ref_axis',(0.,-1.,0.));
#3149=DIRECTION('',(0.,0.,1.));
#3150=DIRECTION('center_axis',(0.,0.,1.));
#3151=DIRECTION('ref_axis',(0.,-1.,0.));
#3152=DIRECTION('',(0.,0.,1.));
#3153=DIRECTION('center_axis',(0.,-1.,0.));
#3154=DIRECTION('ref_axis',(1.,0.,0.));
#3155=DIRECTION('',(-1.,0.,0.));
#3156=DIRECTION('',(1.,0.,0.));
#3157=DIRECTION('',(0.,0.,1.));
#3158=DIRECTION('center_axis',(0.,0.,1.));
#3159=DIRECTION('ref_axis',(-1.,0.,0.));
#3160=DIRECTION('center_axis',(0.,0.,-1.));
#3161=DIRECTION('ref_axis',(-1.,0.,0.));
#3162=DIRECTION('center_axis',(0.,0.,1.));
#3163=DIRECTION('ref_axis',(-1.,0.,0.));
#3164=DIRECTION('',(0.,0.,1.));
#3165=DIRECTION('center_axis',(0.,1.,0.));
#3166=DIRECTION('ref_axis',(-1.,0.,0.));
#3167=DIRECTION('',(-1.,0.,0.));
#3168=DIRECTION('',(0.,0.,1.));
#3169=DIRECTION('',(1.,0.,0.));
#3170=DIRECTION('',(0.,0.,1.));
#3171=DIRECTION('center_axis',(0.,0.,1.));
#3172=DIRECTION('ref_axis',(1.,0.,0.));
#3173=DIRECTION('center_axis',(0.,0.,1.));
#3174=DIRECTION('ref_axis',(1.,0.,0.));
#3175=DIRECTION('',(0.,0.,1.));
#3176=DIRECTION('center_axis',(0.,0.,-1.));
#3177=DIRECTION('ref_axis',(1.,0.,0.));
#3178=DIRECTION('center_axis',(0.,0.,1.));
#3179=DIRECTION('ref_axis',(0.,1.,0.));
#3180=DIRECTION('center_axis',(0.,0.,1.));
#3181=DIRECTION('ref_axis',(0.,1.,0.));
#3182=DIRECTION('center_axis',(0.,0.,-1.));
#3183=DIRECTION('ref_axis',(0.,1.,0.));
#3184=DIRECTION('',(0.,0.,1.));
#3185=DIRECTION('center_axis',(0.,0.,1.));
#3186=DIRECTION('ref_axis',(0.,-1.,0.));
#3187=DIRECTION('',(0.,0.,-1.));
#3188=DIRECTION('center_axis',(0.,0.,-1.));
#3189=DIRECTION('ref_axis',(0.,-1.,0.));
#3190=DIRECTION('',(0.,0.,1.));
#3191=DIRECTION('center_axis',(0.,0.,1.));
#3192=DIRECTION('ref_axis',(0.,-1.,0.));
#3193=DIRECTION('',(0.,0.,1.));
#3194=DIRECTION('center_axis',(0.,9.13013644668526E-17,-1.));
#3195=DIRECTION('ref_axis',(0.,-1.,0.));
#3196=DIRECTION('center_axis',(0.,-1.,0.));
#3197=DIRECTION('ref_axis',(1.,0.,0.));
#3198=DIRECTION('',(-1.,0.,0.));
#3199=DIRECTION('',(1.,0.,0.));
#3200=DIRECTION('',(0.,0.,1.));
#3201=DIRECTION('center_axis',(0.,0.,1.));
#3202=DIRECTION('ref_axis',(-1.,0.,0.));
#3203=DIRECTION('center_axis',(0.,9.13013644668526E-17,-1.));
#3204=DIRECTION('ref_axis',(-1.,0.,0.));
#3205=DIRECTION('center_axis',(0.,0.,1.));
#3206=DIRECTION('ref_axis',(-1.,0.,0.));
#3207=DIRECTION('',(0.,0.,1.));
#3208=DIRECTION('center_axis',(0.,1.,0.));
#3209=DIRECTION('ref_axis',(-1.,0.,0.));
#3210=DIRECTION('',(-1.,0.,0.));
#3211=DIRECTION('',(0.,0.,1.));
#3212=DIRECTION('',(1.,0.,0.));
#3213=DIRECTION('',(0.,0.,1.));
#3214=DIRECTION('center_axis',(0.,0.,1.));
#3215=DIRECTION('ref_axis',(1.,0.,0.));
#3216=DIRECTION('center_axis',(0.,0.,1.));
#3217=DIRECTION('ref_axis',(1.,0.,0.));
#3218=DIRECTION('',(0.,0.,1.));
#3219=DIRECTION('center_axis',(0.,0.,-1.));
#3220=DIRECTION('ref_axis',(1.,0.,0.));
#3221=DIRECTION('center_axis',(1.,0.,0.));
#3222=DIRECTION('ref_axis',(0.,1.,0.));
#3223=DIRECTION('',(0.,1.,0.));
#3224=DIRECTION('',(0.,-1.,0.));
#3225=DIRECTION('center_axis',(0.,0.,1.));
#3226=DIRECTION('ref_axis',(0.,1.,0.));
#3227=DIRECTION('center_axis',(0.,0.,1.));
#3228=DIRECTION('ref_axis',(0.,1.,0.));
#3229=DIRECTION('center_axis',(0.,0.,-1.));
#3230=DIRECTION('ref_axis',(0.,1.,0.));
#3231=DIRECTION('',(0.,0.,1.));
#3232=DIRECTION('center_axis',(-0.000469483516335123,0.999999889792608,
0.));
#3233=DIRECTION('ref_axis',(-0.999999889792608,-0.000469483516335123,0.));
#3234=DIRECTION('',(0.999999889792608,0.000469483516335123,1.22634055520433E-16));
#3235=DIRECTION('',(0.,0.,1.));
#3236=DIRECTION('',(-0.999999889792608,-0.000469483516335123,0.));
#3237=DIRECTION('',(0.,0.,1.));
#3238=DIRECTION('',(0.999999889792608,0.000469483516335123,0.));
#3239=DIRECTION('',(0.,0.,1.));
#3240=DIRECTION('center_axis',(0.,0.,1.));
#3241=DIRECTION('ref_axis',(1.,0.,0.));
#3242=DIRECTION('center_axis',(0.,0.,1.));
#3243=DIRECTION('ref_axis',(1.,0.,0.));
#3244=DIRECTION('',(0.,0.,1.));
#3245=DIRECTION('center_axis',(0.,0.,-1.));
#3246=DIRECTION('ref_axis',(1.,0.,0.));
#3247=DIRECTION('center_axis',(0.9999955064055,-0.00299786070519243,0.));
#3248=DIRECTION('ref_axis',(0.00299786070519243,0.9999955064055,0.));
#3249=DIRECTION('',(0.00299786070519243,0.9999955064055,0.));
#3250=DIRECTION('',(0.,0.,1.));
#3251=DIRECTION('',(-0.00299786070519243,-0.9999955064055,0.));
#3252=DIRECTION('center_axis',(-0.00114777355928051,-0.999999341307711,
0.));
#3253=DIRECTION('ref_axis',(0.999999341307711,-0.00114777355928051,0.));
#3254=DIRECTION('',(-0.999999341307711,0.00114777355928051,-1.22632696729074E-16));
#3255=DIRECTION('',(0.,0.,1.));
#3256=DIRECTION('',(0.999999341307711,-0.00114777355928051,0.));
#3257=DIRECTION('',(0.,0.,1.));
#3258=DIRECTION('center_axis',(0.,0.,1.));
#3259=DIRECTION('ref_axis',(-1.,8.8817841970013E-15,0.));
#3260=DIRECTION('center_axis',(1.22633694109773E-16,7.98592041474863E-19,
-1.));
#3261=DIRECTION('ref_axis',(-1.,8.8817841970013E-15,0.));
#3262=DIRECTION('center_axis',(0.,0.,1.));
#3263=DIRECTION('ref_axis',(-1.,8.8817841970013E-15,0.));
#3264=DIRECTION('',(0.,0.,1.));
#3265=DIRECTION('center_axis',(-0.999999880270679,0.000489345101630694,
0.));
#3266=DIRECTION('ref_axis',(-0.000489345101630694,-0.999999880270679,0.));
#3267=DIRECTION('',(0.000489345101630694,0.999999880270679,8.58602143367474E-19));
#3268=DIRECTION('',(-0.000489345101630694,-0.999999880270679,0.));
#3269=DIRECTION('',(0.,0.,1.));
#3270=DIRECTION('center_axis',(0.,0.,1.));
#3271=DIRECTION('ref_axis',(0.,1.,0.));
#3272=DIRECTION('center_axis',(1.22633694109773E-16,7.98592041474863E-19,
-1.));
#3273=DIRECTION('ref_axis',(0.,1.,0.));
#3274=DIRECTION('center_axis',(0.,0.,1.));
#3275=DIRECTION('ref_axis',(0.,1.,0.));
#3276=DIRECTION('center_axis',(0.,0.,1.));
#3277=DIRECTION('ref_axis',(1.,0.,0.));
#3278=DIRECTION('',(0.,-1.,0.));
#3279=DIRECTION('center_axis',(0.,0.,1.));
#3280=DIRECTION('ref_axis',(-1.,4.44089209850064E-15,0.));
#3281=DIRECTION('',(1.,0.,0.));
#3282=DIRECTION('center_axis',(0.,0.,1.));
#3283=DIRECTION('ref_axis',(0.,-1.,0.));
#3284=DIRECTION('',(0.,-1.,0.));
#3285=DIRECTION('center_axis',(-1.,0.,0.));
#3286=DIRECTION('ref_axis',(0.,-1.,0.));
#3287=DIRECTION('',(0.,1.,0.));
#3288=DIRECTION('',(0.,0.,1.));
#3289=DIRECTION('',(0.,-1.,0.));
#3290=DIRECTION('center_axis',(0.,0.,1.));
#3291=DIRECTION('ref_axis',(1.,0.,0.));
#3292=DIRECTION('',(0.,-1.,0.));
#3293=DIRECTION('center_axis',(0.,0.,1.));
#3294=DIRECTION('ref_axis',(-1.,0.,0.));
#3295=DIRECTION('',(1.,0.,0.));
#3296=DIRECTION('center_axis',(0.,0.,1.));
#3297=DIRECTION('ref_axis',(0.,-1.,0.));
#3298=DIRECTION('',(0.,-1.,0.));
#3299=DIRECTION('center_axis',(-1.,0.,0.));
#3300=DIRECTION('ref_axis',(0.,-1.,0.));
#3301=DIRECTION('',(0.,1.,0.));
#3302=DIRECTION('',(0.,0.,1.));
#3303=DIRECTION('',(0.,-1.,0.));
#3304=DIRECTION('center_axis',(0.,0.,1.));
#3305=DIRECTION('ref_axis',(1.,0.,0.));
#3306=DIRECTION('',(0.,-1.,0.));
#3307=DIRECTION('center_axis',(0.,0.,1.));
#3308=DIRECTION('ref_axis',(-1.,0.,0.));
#3309=DIRECTION('',(1.,0.,0.));
#3310=DIRECTION('center_axis',(0.,0.,1.));
#3311=DIRECTION('ref_axis',(0.,-1.,0.));
#3312=DIRECTION('',(0.,-1.,0.));
#3313=DIRECTION('center_axis',(-1.,0.,0.));
#3314=DIRECTION('ref_axis',(0.,-1.,0.));
#3315=DIRECTION('',(0.,1.,0.));
#3316=DIRECTION('',(0.,0.,1.));
#3317=DIRECTION('',(0.,-1.,0.));
#3318=DIRECTION('center_axis',(0.999983112420705,0.00581161538645153,0.));
#3319=DIRECTION('ref_axis',(-0.00581161538645153,0.999983112420705,-6.72101574067951E-19));
#3320=DIRECTION('',(0.00581161538645153,-0.999983112420705,6.72101574067951E-19));
#3321=DIRECTION('',(0.,0.,1.));
#3322=DIRECTION('',(0.00581161538645153,-0.999983112420705,0.));
#3323=DIRECTION('center_axis',(0.,-9.13013644668526E-17,1.));
#3324=DIRECTION('ref_axis',(1.,0.,0.));
#3325=DIRECTION('',(0.,-1.,0.));
#3326=DIRECTION('center_axis',(0.,0.,1.));
#3327=DIRECTION('ref_axis',(-1.,0.,0.));
#3328=DIRECTION('',(1.,0.,0.));
#3329=DIRECTION('center_axis',(0.,0.,1.));
#3330=DIRECTION('ref_axis',(0.,-1.,0.));
#3331=DIRECTION('center_axis',(-1.,0.,0.));
#3332=DIRECTION('ref_axis',(0.,-1.,0.));
#3333=DIRECTION('',(0.,1.,0.));
#3334=DIRECTION('',(0.,0.,1.));
#3335=DIRECTION('',(0.,-1.,0.));
#3336=DIRECTION('center_axis',(-7.94790523850678E-16,1.,0.));
#3337=DIRECTION('ref_axis',(-1.,-7.94790523850678E-16,-4.65697572568756E-18));
#3338=DIRECTION('',(1.,7.94790523850678E-16,0.));
#3339=DIRECTION('',(0.,0.,1.));
#3340=DIRECTION('',(1.,7.94790523850678E-16,4.65697572568756E-18));
#3341=DIRECTION('center_axis',(0.,1.,0.));
#3342=DIRECTION('ref_axis',(-1.,0.,0.));
#3343=DIRECTION('',(-1.,0.,0.));
#3344=DIRECTION('',(0.,0.,1.));
#3345=DIRECTION('',(1.,0.,0.));
#3346=DIRECTION('',(0.,0.,1.));
#3347=DIRECTION('center_axis',(0.,0.,1.));
#3348=DIRECTION('ref_axis',(1.,0.,0.));
#3349=DIRECTION('center_axis',(0.,0.,1.));
#3350=DIRECTION('ref_axis',(1.,0.,0.));
#3351=DIRECTION('',(0.,0.,1.));
#3352=DIRECTION('center_axis',(0.,0.,-1.));
#3353=DIRECTION('ref_axis',(1.,0.,0.));
#3354=DIRECTION('center_axis',(1.,0.,0.));
#3355=DIRECTION('ref_axis',(0.,1.,0.));
#3356=DIRECTION('',(0.,1.,0.));
#3357=DIRECTION('',(0.,0.,1.));
#3358=DIRECTION('',(0.,-1.,0.));
#3359=DIRECTION('center_axis',(0.,0.,1.));
#3360=DIRECTION('ref_axis',(0.,-1.,0.));
#3361=DIRECTION('center_axis',(0.,0.,1.));
#3362=DIRECTION('ref_axis',(0.,-1.,0.));
#3363=DIRECTION('',(0.,0.,1.));
#3364=DIRECTION('center_axis',(0.,0.,-1.));
#3365=DIRECTION('ref_axis',(0.,-1.,0.));
#3366=DIRECTION('center_axis',(0.,-1.,0.));
#3367=DIRECTION('ref_axis',(1.,0.,0.));
#3368=DIRECTION('',(1.,0.,0.));
#3369=DIRECTION('',(0.,0.,1.));
#3370=DIRECTION('',(-1.,0.,0.));
#3371=DIRECTION('center_axis',(0.,0.,1.));
#3372=DIRECTION('ref_axis',(-1.,0.,0.));
#3373=DIRECTION('center_axis',(0.,0.,1.));
#3374=DIRECTION('ref_axis',(-1.,0.,0.));
#3375=DIRECTION('',(0.,0.,1.));
#3376=DIRECTION('center_axis',(0.,0.,-1.));
#3377=DIRECTION('ref_axis',(-1.,0.,0.));
#3378=DIRECTION('center_axis',(-1.,0.,0.));
#3379=DIRECTION('ref_axis',(0.,-1.,0.));
#3380=DIRECTION('',(0.,-1.,0.));
#3381=DIRECTION('',(0.,0.,1.));
#3382=DIRECTION('',(0.,1.,0.));
#3383=DIRECTION('center_axis',(0.,0.,1.));
#3384=DIRECTION('ref_axis',(0.,1.,0.));
#3385=DIRECTION('center_axis',(0.,0.,1.));
#3386=DIRECTION('ref_axis',(0.,1.,0.));
#3387=DIRECTION('center_axis',(0.,0.,-1.));
#3388=DIRECTION('ref_axis',(0.,1.,0.));
#3389=DIRECTION('center_axis',(0.,1.,0.));
#3390=DIRECTION('ref_axis',(-1.,0.,0.));
#3391=DIRECTION('',(-1.,0.,0.));
#3392=DIRECTION('',(0.,0.,1.));
#3393=DIRECTION('',(1.,0.,0.));
#3394=DIRECTION('',(0.,0.,1.));
#3395=DIRECTION('center_axis',(0.,0.,1.));
#3396=DIRECTION('ref_axis',(1.,0.,0.));
#3397=DIRECTION('center_axis',(0.,0.,1.));
#3398=DIRECTION('ref_axis',(1.,0.,0.));
#3399=DIRECTION('',(0.,0.,1.));
#3400=DIRECTION('center_axis',(0.,0.,-1.));
#3401=DIRECTION('ref_axis',(1.,0.,0.));
#3402=DIRECTION('center_axis',(1.,0.,0.));
#3403=DIRECTION('ref_axis',(0.,1.,0.));
#3404=DIRECTION('',(0.,1.,0.));
#3405=DIRECTION('',(0.,0.,1.));
#3406=DIRECTION('',(0.,-1.,0.));
#3407=DIRECTION('center_axis',(0.,0.,1.));
#3408=DIRECTION('ref_axis',(0.,-1.,0.));
#3409=DIRECTION('center_axis',(0.,0.,1.));
#3410=DIRECTION('ref_axis',(0.,-1.,0.));
#3411=DIRECTION('',(0.,0.,1.));
#3412=DIRECTION('center_axis',(0.,0.,-1.));
#3413=DIRECTION('ref_axis',(0.,-1.,0.));
#3414=DIRECTION('center_axis',(0.,-1.,0.));
#3415=DIRECTION('ref_axis',(1.,0.,0.));
#3416=DIRECTION('',(1.,0.,0.));
#3417=DIRECTION('',(0.,0.,1.));
#3418=DIRECTION('',(-1.,0.,0.));
#3419=DIRECTION('center_axis',(0.,0.,1.));
#3420=DIRECTION('ref_axis',(-1.,0.,0.));
#3421=DIRECTION('center_axis',(0.,0.,1.));
#3422=DIRECTION('ref_axis',(-1.,0.,0.));
#3423=DIRECTION('',(0.,0.,1.));
#3424=DIRECTION('center_axis',(0.,0.,-1.));
#3425=DIRECTION('ref_axis',(-1.,0.,0.));
#3426=DIRECTION('center_axis',(-1.,0.,0.));
#3427=DIRECTION('ref_axis',(0.,-1.,0.));
#3428=DIRECTION('',(0.,-1.,0.));
#3429=DIRECTION('',(0.,0.,1.));
#3430=DIRECTION('',(0.,1.,0.));
#3431=DIRECTION('center_axis',(0.,0.,1.));
#3432=DIRECTION('ref_axis',(0.,1.,0.));
#3433=DIRECTION('center_axis',(0.,0.,1.));
#3434=DIRECTION('ref_axis',(0.,1.,0.));
#3435=DIRECTION('center_axis',(0.,0.,-1.));
#3436=DIRECTION('ref_axis',(0.,1.,0.));
#3437=DIRECTION('center_axis',(0.,1.,0.));
#3438=DIRECTION('ref_axis',(-1.,0.,0.));
#3439=DIRECTION('',(-1.,0.,0.));
#3440=DIRECTION('',(0.,0.,1.));
#3441=DIRECTION('',(1.,0.,0.));
#3442=DIRECTION('',(0.,0.,1.));
#3443=DIRECTION('center_axis',(0.,0.,1.));
#3444=DIRECTION('ref_axis',(1.,0.,0.));
#3445=DIRECTION('center_axis',(0.,0.,1.));
#3446=DIRECTION('ref_axis',(1.,0.,0.));
#3447=DIRECTION('',(0.,0.,1.));
#3448=DIRECTION('center_axis',(0.,0.,-1.));
#3449=DIRECTION('ref_axis',(1.,0.,0.));
#3450=DIRECTION('center_axis',(1.,0.,0.));
#3451=DIRECTION('ref_axis',(0.,1.,0.));
#3452=DIRECTION('',(0.,1.,0.));
#3453=DIRECTION('',(0.,0.,1.));
#3454=DIRECTION('',(0.,-1.,0.));
#3455=DIRECTION('center_axis',(0.,0.,1.));
#3456=DIRECTION('ref_axis',(0.,-1.,0.));
#3457=DIRECTION('center_axis',(0.,0.,1.));
#3458=DIRECTION('ref_axis',(0.,-1.,0.));
#3459=DIRECTION('',(0.,0.,1.));
#3460=DIRECTION('center_axis',(0.,0.,-1.));
#3461=DIRECTION('ref_axis',(0.,-1.,0.));
#3462=DIRECTION('center_axis',(0.,-1.,0.));
#3463=DIRECTION('ref_axis',(1.,0.,0.));
#3464=DIRECTION('',(1.,0.,0.));
#3465=DIRECTION('',(0.,0.,1.));
#3466=DIRECTION('',(-1.,0.,0.));
#3467=DIRECTION('center_axis',(0.,0.,1.));
#3468=DIRECTION('ref_axis',(-1.,0.,0.));
#3469=DIRECTION('center_axis',(0.,0.,1.));
#3470=DIRECTION('ref_axis',(-1.,0.,0.));
#3471=DIRECTION('',(0.,0.,1.));
#3472=DIRECTION('center_axis',(0.,0.,-1.));
#3473=DIRECTION('ref_axis',(-1.,0.,0.));
#3474=DIRECTION('center_axis',(-1.,0.,0.));
#3475=DIRECTION('ref_axis',(0.,-1.,0.));
#3476=DIRECTION('',(0.,-1.,0.));
#3477=DIRECTION('',(0.,0.,1.));
#3478=DIRECTION('',(0.,1.,0.));
#3479=DIRECTION('center_axis',(0.,0.,1.));
#3480=DIRECTION('ref_axis',(0.,1.,0.));
#3481=DIRECTION('center_axis',(0.,0.,1.));
#3482=DIRECTION('ref_axis',(0.,1.,0.));
#3483=DIRECTION('center_axis',(0.,0.,-1.));
#3484=DIRECTION('ref_axis',(0.,1.,0.));
#3485=DIRECTION('center_axis',(-1.,3.06659343926362E-16,0.));
#3486=DIRECTION('ref_axis',(-3.06659343926362E-16,-1.,-7.985920414749E-19));
#3487=DIRECTION('',(3.06659343926362E-16,1.,0.));
#3488=DIRECTION('',(0.,0.,1.));
#3489=DIRECTION('',(3.06659343926362E-16,1.,7.985920414749E-19));
#3490=DIRECTION('',(0.,0.,1.));
#3491=DIRECTION('center_axis',(0.,0.,1.));
#3492=DIRECTION('ref_axis',(9.99200722162645E-15,1.,0.));
#3493=DIRECTION('center_axis',(0.,0.,-1.));
#3494=DIRECTION('ref_axis',(9.99200722162645E-15,1.,0.));
#3495=DIRECTION('center_axis',(0.,0.,1.));
#3496=DIRECTION('ref_axis',(9.99200722162645E-15,1.,0.));
#3497=DIRECTION('center_axis',(0.,0.,1.));
#3498=DIRECTION('ref_axis',(-3.96118443433917E-46,-1.,0.));
#3499=DIRECTION('center_axis',(0.,0.,-1.));
#3500=DIRECTION('ref_axis',(-3.96118443433917E-46,-1.,0.));
#3501=DIRECTION('center_axis',(0.,0.,1.));
#3502=DIRECTION('ref_axis',(2.22044604925032E-15,-1.,0.));
#3503=DIRECTION('',(0.,0.,1.));
#3504=DIRECTION('center_axis',(0.,-1.,0.));
#3505=DIRECTION('ref_axis',(1.,0.,1.22633694109773E-16));
#3506=DIRECTION('',(-1.,0.,0.));
#3507=DIRECTION('',(-1.,0.,-1.22633694109773E-16));
#3508=DIRECTION('',(0.,0.,1.));
#3509=DIRECTION('center_axis',(0.,0.,1.));
#3510=DIRECTION('ref_axis',(-1.,0.,0.));
#3511=DIRECTION('center_axis',(0.,0.,-1.));
#3512=DIRECTION('ref_axis',(-1.,0.,0.));
#3513=DIRECTION('center_axis',(-1.90819582357449E-16,-1.73472347594545E-17,
1.));
#3514=DIRECTION('ref_axis',(-1.,0.,-1.90819582357449E-16));
#3515=DIRECTION('center_axis',(-1.22633694109773E-16,-7.98592041474863E-19,
1.));
#3516=DIRECTION('ref_axis',(1.,0.,1.22633694109773E-16));
#3517=DIRECTION('center_axis',(0.,-1.,0.));
#3518=DIRECTION('ref_axis',(1.,0.,0.));
#3519=DIRECTION('',(-1.,0.,0.));
#3520=DIRECTION('',(0.,0.,1.));
#3521=DIRECTION('',(0.,0.,1.));
#3522=DIRECTION('center_axis',(0.,0.,1.));
#3523=DIRECTION('ref_axis',(-1.,4.44089209850064E-15,0.));
#3524=DIRECTION('center_axis',(0.,0.,-1.));
#3525=DIRECTION('ref_axis',(-1.,4.44089209850064E-15,0.));
#3526=DIRECTION('center_axis',(1.,0.,0.));
#3527=DIRECTION('ref_axis',(0.,1.,0.));
#3528=DIRECTION('',(0.,-1.,0.));
#3529=DIRECTION('',(0.,1.,0.));
#3530=DIRECTION('',(0.,0.,1.));
#3531=DIRECTION('center_axis',(0.,0.,1.));
#3532=DIRECTION('ref_axis',(0.,-1.,0.));
#3533=DIRECTION('center_axis',(0.,0.,-1.));
#3534=DIRECTION('ref_axis',(0.,-1.,0.));
#3535=DIRECTION('center_axis',(0.,-1.,0.));
#3536=DIRECTION('ref_axis',(1.,0.,0.));
#3537=DIRECTION('',(-1.,0.,0.));
#3538=DIRECTION('',(0.,0.,1.));
#3539=DIRECTION('',(0.,0.,1.));
#3540=DIRECTION('center_axis',(0.,0.,1.));
#3541=DIRECTION('ref_axis',(-1.,0.,0.));
#3542=DIRECTION('center_axis',(0.,0.,-1.));
#3543=DIRECTION('ref_axis',(-1.,0.,0.));
#3544=DIRECTION('center_axis',(1.,0.,0.));
#3545=DIRECTION('ref_axis',(0.,1.,0.));
#3546=DIRECTION('',(0.,-1.,0.));
#3547=DIRECTION('',(0.,1.,0.));
#3548=DIRECTION('',(0.,0.,1.));
#3549=DIRECTION('center_axis',(0.,0.,1.));
#3550=DIRECTION('ref_axis',(0.,-1.,0.));
#3551=DIRECTION('center_axis',(0.,0.,-1.));
#3552=DIRECTION('ref_axis',(0.,-1.,0.));
#3553=DIRECTION('center_axis',(0.,-1.,0.));
#3554=DIRECTION('ref_axis',(1.,0.,0.));
#3555=DIRECTION('',(-1.,0.,0.));
#3556=DIRECTION('',(0.,0.,1.));
#3557=DIRECTION('',(0.,0.,1.));
#3558=DIRECTION('center_axis',(0.,0.,1.));
#3559=DIRECTION('ref_axis',(-1.,0.,0.));
#3560=DIRECTION('center_axis',(0.,0.,-1.));
#3561=DIRECTION('ref_axis',(-1.,0.,0.));
#3562=DIRECTION('center_axis',(1.,0.,0.));
#3563=DIRECTION('ref_axis',(0.,1.,0.));
#3564=DIRECTION('',(0.,-1.,0.));
#3565=DIRECTION('',(0.,1.,0.));
#3566=DIRECTION('',(0.,0.,1.));
#3567=DIRECTION('center_axis',(0.,0.,1.));
#3568=DIRECTION('ref_axis',(0.,-1.,0.));
#3569=DIRECTION('center_axis',(0.,0.,-1.));
#3570=DIRECTION('ref_axis',(0.,-1.,0.));
#3571=DIRECTION('center_axis',(0.,-1.,0.));
#3572=DIRECTION('ref_axis',(1.,0.,0.));
#3573=DIRECTION('',(-1.,0.,0.));
#3574=DIRECTION('',(0.,0.,1.));
#3575=DIRECTION('',(0.,0.,1.));
#3576=DIRECTION('center_axis',(0.,0.,1.));
#3577=DIRECTION('ref_axis',(-1.,0.,0.));
#3578=DIRECTION('center_axis',(0.,0.,-1.));
#3579=DIRECTION('ref_axis',(-1.,0.,0.));
#3580=DIRECTION('center_axis',(0.,0.,1.));
#3581=DIRECTION('ref_axis',(0.,-1.,0.));
#3582=DIRECTION('center_axis',(0.,0.,-1.));
#3583=DIRECTION('ref_axis',(0.,-1.,0.));
#3584=DIRECTION('center_axis',(0.,-1.,0.));
#3585=DIRECTION('ref_axis',(1.,0.,0.));
#3586=DIRECTION('',(-1.,0.,0.));
#3587=DIRECTION('',(0.,0.,1.));
#3588=DIRECTION('',(0.,0.,1.));
#3589=DIRECTION('center_axis',(0.,0.,1.));
#3590=DIRECTION('ref_axis',(-1.,4.44089209850064E-15,0.));
#3591=DIRECTION('center_axis',(0.,0.,-1.));
#3592=DIRECTION('ref_axis',(-1.,4.44089209850064E-15,0.));
#3593=DIRECTION('center_axis',(1.,0.,0.));
#3594=DIRECTION('ref_axis',(0.,1.,0.));
#3595=DIRECTION('',(0.,-1.,0.));
#3596=DIRECTION('',(0.,1.,0.));
#3597=DIRECTION('',(0.,0.,1.));
#3598=DIRECTION('center_axis',(0.,0.,1.));
#3599=DIRECTION('ref_axis',(0.,-1.,0.));
#3600=DIRECTION('center_axis',(0.,0.,-1.));
#3601=DIRECTION('ref_axis',(0.,-1.,0.));
#3602=DIRECTION('center_axis',(-1.32423479851472E-16,1.,0.));
#3603=DIRECTION('ref_axis',(-1.,-1.32423479851472E-16,0.));
#3604=DIRECTION('',(1.,1.32423479851472E-16,0.));
#3605=DIRECTION('',(0.,0.,1.));
#3606=DIRECTION('',(-1.,-1.32423479851472E-16,0.));
#3607=DIRECTION('',(0.,0.,1.));
#3608=DIRECTION('center_axis',(0.,0.,1.));
#3609=DIRECTION('ref_axis',(1.,0.,0.));
#3610=DIRECTION('center_axis',(0.,0.,1.));
#3611=DIRECTION('ref_axis',(1.,0.,0.));
#3612=DIRECTION('center_axis',(0.,0.,1.));
#3613=DIRECTION('ref_axis',(1.,0.,0.));
#3614=DIRECTION('',(0.,0.,1.));
#3615=DIRECTION('center_axis',(1.,0.,0.));
#3616=DIRECTION('ref_axis',(0.,1.,0.));
#3617=DIRECTION('',(0.,-1.,0.));
#3618=DIRECTION('',(0.,1.,0.));
#3619=DIRECTION('',(0.,0.,1.));
#3620=DIRECTION('center_axis',(0.,0.,1.));
#3621=DIRECTION('ref_axis',(0.,-1.,0.));
#3622=DIRECTION('center_axis',(0.,0.,1.));
#3623=DIRECTION('ref_axis',(0.,-1.,0.));
#3624=DIRECTION('center_axis',(0.,0.,1.));
#3625=DIRECTION('ref_axis',(0.,-1.,0.));
#3626=DIRECTION('',(0.,0.,1.));
#3627=DIRECTION('center_axis',(0.,-1.,0.));
#3628=DIRECTION('ref_axis',(1.,0.,0.));
#3629=DIRECTION('',(-1.,0.,0.));
#3630=DIRECTION('',(1.,0.,0.));
#3631=DIRECTION('',(0.,0.,1.));
#3632=DIRECTION('center_axis',(0.,0.,1.));
#3633=DIRECTION('ref_axis',(-1.,0.,0.));
#3634=DIRECTION('center_axis',(0.,0.,1.));
#3635=DIRECTION('ref_axis',(-1.,0.,0.));
#3636=DIRECTION('center_axis',(0.,0.,1.));
#3637=DIRECTION('ref_axis',(-1.,0.,0.));
#3638=DIRECTION('',(0.,0.,1.));
#3639=DIRECTION('center_axis',(-1.,0.,0.));
#3640=DIRECTION('ref_axis',(0.,-1.,0.));
#3641=DIRECTION('',(0.,1.,0.));
#3642=DIRECTION('',(0.,-1.,0.));
#3643=DIRECTION('',(0.,0.,1.));
#3644=DIRECTION('center_axis',(0.,0.,1.));
#3645=DIRECTION('ref_axis',(0.,1.,0.));
#3646=DIRECTION('center_axis',(0.,0.,1.));
#3647=DIRECTION('ref_axis',(0.,1.,0.));
#3648=DIRECTION('center_axis',(0.,0.,1.));
#3649=DIRECTION('ref_axis',(0.,1.,0.));
#3650=DIRECTION('center_axis',(0.,0.,1.));
#3651=DIRECTION('ref_axis',(1.,0.,0.));
#3652=DIRECTION('center_axis',(0.,0.,1.));
#3653=DIRECTION('ref_axis',(1.,0.,0.));
#3654=CARTESIAN_POINT('',(0.,0.,0.));
#3655=CARTESIAN_POINT('Origin',(120.929261528895,57.5248962334807,0.));
#3656=CARTESIAN_POINT('',(120.929261528895,-33.9751037665193,3.));
#3657=CARTESIAN_POINT('',(120.929261528895,57.5248962334807,3.));
#3658=CARTESIAN_POINT('',(120.929261528895,57.5248962334807,3.));
#3659=CARTESIAN_POINT('',(120.929261528895,-33.9751037665193,13.));
#3660=CARTESIAN_POINT('',(120.929261528895,-33.9751037665193,0.));
#3661=CARTESIAN_POINT('',(120.929261528895,57.5248962334807,13.));
#3662=CARTESIAN_POINT('',(120.929261528895,57.5248962334807,13.));
#3663=CARTESIAN_POINT('',(120.929261528895,57.5248962334807,0.));
#3664=CARTESIAN_POINT('Origin',(120.929261528895,-33.9751037665193,0.));
#3665=CARTESIAN_POINT('',(53.9292615288951,-33.9751037665193,3.));
#3666=CARTESIAN_POINT('',(120.929261528895,-33.9751037665193,3.));
#3667=CARTESIAN_POINT('',(53.9292615288951,-33.9751037665193,13.));
#3668=CARTESIAN_POINT('',(53.9292615288951,-33.9751037665193,0.));
#3669=CARTESIAN_POINT('',(120.929261528895,-33.9751037665193,13.));
#3670=CARTESIAN_POINT('Origin',(53.9292615288951,57.5248962334807,0.));
#3671=CARTESIAN_POINT('',(53.9292615288951,57.5248962334807,3.));
#3672=CARTESIAN_POINT('',(53.9292615288951,57.5248962334807,3.));
#3673=CARTESIAN_POINT('',(53.9292615288951,57.5248962334807,13.));
#3674=CARTESIAN_POINT('',(53.9292615288951,57.5248962334807,13.));
#3675=CARTESIAN_POINT('',(53.9292615288951,57.5248962334807,0.));
#3676=CARTESIAN_POINT('Origin',(53.9292615288951,-33.9751037665193,0.));
#3677=CARTESIAN_POINT('',(53.9292615288951,-33.9751037665193,3.));
#3678=CARTESIAN_POINT('',(53.9292615288951,-33.9751037665193,13.));
#3679=CARTESIAN_POINT('Origin',(120.464795434828,61.0604301394135,0.));
#3680=CARTESIAN_POINT('',(53.3937276229624,61.0604301394134,0.));
#3681=CARTESIAN_POINT('',(120.464795434828,61.0604301394135,0.));
#3682=CARTESIAN_POINT('',(53.3937276229624,61.0604301394134,0.));
#3683=CARTESIAN_POINT('',(53.3937276229624,61.0604301394134,13.));
#3684=CARTESIAN_POINT('',(53.3937276229624,61.0604301394134,0.));
#3685=CARTESIAN_POINT('',(120.464795434828,61.0604301394134,13.));
#3686=CARTESIAN_POINT('',(53.3937276229624,61.0604301394134,13.));
#3687=CARTESIAN_POINT('',(120.464795434828,61.0604301394135,0.));
#3688=CARTESIAN_POINT('Origin',(120.464795434828,58.0604301394134,0.));
#3689=CARTESIAN_POINT('',(123.464795434828,58.0604301394134,0.));
#3690=CARTESIAN_POINT('Origin',(120.464795434828,58.0604301394134,0.));
#3691=CARTESIAN_POINT('',(123.464795434828,58.0604301394134,13.));
#3692=CARTESIAN_POINT('Origin',(120.464795434828,58.0604301394134,13.));
#3693=CARTESIAN_POINT('',(123.464795434828,58.0604301394134,0.));
#3694=CARTESIAN_POINT('Origin',(123.464795434828,-35.284519946452,0.));
#3695=CARTESIAN_POINT('',(123.464795434828,-35.284519946452,0.));
#3696=CARTESIAN_POINT('',(123.464795434828,58.0604301394134,0.));
#3697=CARTESIAN_POINT('',(123.464795434828,-35.284519946452,13.));
#3698=CARTESIAN_POINT('',(123.464795434828,58.0604301394134,13.));
#3699=CARTESIAN_POINT('',(123.464795434828,-35.284519946452,0.));
#3700=CARTESIAN_POINT('Origin',(120.464795434828,-35.284519946452,0.));
#3701=CARTESIAN_POINT('',(120.464795434828,-38.284519946452,0.));
#3702=CARTESIAN_POINT('Origin',(120.464795434828,-35.284519946452,0.));
#3703=CARTESIAN_POINT('',(120.464795434828,-38.284519946452,13.));
#3704=CARTESIAN_POINT('Origin',(120.464795434828,-35.284519946452,13.));
#3705=CARTESIAN_POINT('',(120.464795434828,-38.284519946452,0.));
#3706=CARTESIAN_POINT('Origin',(53.3937276229624,-38.284519946452,0.));
#3707=CARTESIAN_POINT('',(53.3937276229624,-38.284519946452,0.));
#3708=CARTESIAN_POINT('',(120.464795434828,-38.284519946452,0.));
#3709=CARTESIAN_POINT('',(53.3937276229624,-38.284519946452,13.));
#3710=CARTESIAN_POINT('',(120.464795434828,-38.284519946452,13.));
#3711=CARTESIAN_POINT('',(53.3937276229624,-38.284519946452,0.));
#3712=CARTESIAN_POINT('Origin',(53.3937276229624,-35.284519946452,0.));
#3713=CARTESIAN_POINT('',(50.3937276229624,-35.284519946452,0.));
#3714=CARTESIAN_POINT('Origin',(53.3937276229624,-35.284519946452,0.));
#3715=CARTESIAN_POINT('',(50.3937276229624,-35.284519946452,13.));
#3716=CARTESIAN_POINT('Origin',(53.3937276229624,-35.284519946452,13.));
#3717=CARTESIAN_POINT('',(50.3937276229624,-35.284519946452,0.));
#3718=CARTESIAN_POINT('Origin',(50.3937276229624,58.0604301394135,0.));
#3719=CARTESIAN_POINT('',(50.3937276229624,58.0604301394135,0.));
#3720=CARTESIAN_POINT('',(50.3937276229624,-35.284519946452,0.));
#3721=CARTESIAN_POINT('',(50.3937276229624,58.0604301394135,13.));
#3722=CARTESIAN_POINT('',(50.3937276229624,-35.284519946452,13.));
#3723=CARTESIAN_POINT('',(50.3937276229624,58.0604301394135,0.));
#3724=CARTESIAN_POINT('Origin',(53.3937276229624,58.0604301394135,0.));
#3725=CARTESIAN_POINT('Origin',(53.3937276229624,58.0604301394135,0.));
#3726=CARTESIAN_POINT('Origin',(53.3937276229624,58.0604301394135,13.));
#3727=CARTESIAN_POINT('Origin',(86.9292615288951,11.3879550964807,13.));
#3728=CARTESIAN_POINT('Origin',(87.4292615288951,11.7748962334807,3.));
#3729=CARTESIAN_POINT('Origin',(87.4292615288951,11.7748962334807,0.));
#3730=CARTESIAN_POINT('Origin',(8.125,15.175,0.));
#3731=CARTESIAN_POINT('',(8.625,15.175,0.05));
#3732=CARTESIAN_POINT('',(8.125,14.675,0.05));
#3733=CARTESIAN_POINT('Origin',(8.125,15.175,0.05));
#3734=CARTESIAN_POINT('',(8.625,15.175,0.));
#3735=CARTESIAN_POINT('',(8.625,15.175,0.));
#3736=CARTESIAN_POINT('',(8.125,14.675,0.));
#3737=CARTESIAN_POINT('Origin',(8.125,15.175,0.));
#3738=CARTESIAN_POINT('',(8.125,14.675,0.));
#3739=CARTESIAN_POINT('Origin',(-4.87500000000001,14.675,0.));
#3740=CARTESIAN_POINT('',(-4.87500000000001,14.675,0.05));
#3741=CARTESIAN_POINT('',(-1.62500000000001,14.675,0.05));
#3742=CARTESIAN_POINT('',(-4.87500000000001,14.675,0.));
#3743=CARTESIAN_POINT('',(-11.4728692355525,14.675,0.));
#3744=CARTESIAN_POINT('',(-4.87500000000001,14.675,0.));
#3745=CARTESIAN_POINT('Origin',(-4.87500000000001,15.175,0.));
#3746=CARTESIAN_POINT('',(-5.37500000000001,15.175,0.05));
#3747=CARTESIAN_POINT('Origin',(-4.87500000000001,15.175,0.05));
#3748=CARTESIAN_POINT('',(-5.37500000000001,15.175,0.));
#3749=CARTESIAN_POINT('Origin',(-4.87500000000001,15.175,0.));
#3750=CARTESIAN_POINT('',(-5.37500000000001,15.175,0.));
#3751=CARTESIAN_POINT('Origin',(8.125,28.675,0.));
#3752=CARTESIAN_POINT('',(8.125,28.675,0.));
#3753=CARTESIAN_POINT('',(-4.87500000000001,28.675,0.));
#3754=CARTESIAN_POINT('',(-4.97286923555245,28.675,0.));
#3755=CARTESIAN_POINT('',(8.125,28.675,2.));
#3756=CARTESIAN_POINT('',(8.125,28.675,0.));
#3757=CARTESIAN_POINT('',(-4.87500000000001,28.675,2.));
#3758=CARTESIAN_POINT('',(-4.97286923555245,28.675,2.));
#3759=CARTESIAN_POINT('',(-4.87500000000001,28.675,0.));
#3760=CARTESIAN_POINT('Origin',(8.125,28.175,0.));
#3761=CARTESIAN_POINT('',(8.625,28.175,0.));
#3762=CARTESIAN_POINT('Origin',(8.125,28.175,0.));
#3763=CARTESIAN_POINT('',(8.625,28.175,2.));
#3764=CARTESIAN_POINT('',(8.625,28.175,0.));
#3765=CARTESIAN_POINT('Origin',(8.125,28.175,2.));
#3766=CARTESIAN_POINT('Origin',(-4.87500000000001,28.175,0.));
#3767=CARTESIAN_POINT('',(-5.37500000000001,28.175,0.));
#3768=CARTESIAN_POINT('Origin',(-4.87500000000001,28.175,0.));
#3769=CARTESIAN_POINT('',(-5.37500000000001,28.175,2.));
#3770=CARTESIAN_POINT('Origin',(-4.87500000000001,28.175,2.));
#3771=CARTESIAN_POINT('',(-5.37500000000001,28.175,0.));
#3772=CARTESIAN_POINT('Origin',(1.625,21.645,0.05));
#3773=CARTESIAN_POINT('',(-5.37500000000001,15.145,0.05));
#3774=CARTESIAN_POINT('',(-5.37500000000001,28.145,0.05));
#3775=CARTESIAN_POINT('',(-4.87500000000001,14.645,0.05));
#3776=CARTESIAN_POINT('Origin',(-4.87500000000001,15.145,0.05));
#3777=CARTESIAN_POINT('',(8.125,14.645,0.05));
#3778=CARTESIAN_POINT('',(-4.87500000000001,14.645,0.05));
#3779=CARTESIAN_POINT('',(8.625,15.145,0.05));
#3780=CARTESIAN_POINT('Origin',(8.125,15.145,0.05));
#3781=CARTESIAN_POINT('',(8.625,28.145,0.05));
#3782=CARTESIAN_POINT('Origin',(-5.37500000000001,28.145,0.05));
#3783=CARTESIAN_POINT('',(-5.37500000000001,15.145,2.));
#3784=CARTESIAN_POINT('',(-5.37500000000001,19.7664775482404,2.));
#3785=CARTESIAN_POINT('',(-5.37500000000001,15.145,0.05));
#3786=CARTESIAN_POINT('',(-5.37500000000001,19.7814775482404,0.));
#3787=CARTESIAN_POINT('Origin',(-29.975,15.175,0.));
#3788=CARTESIAN_POINT('',(-29.475,15.175,0.05));
#3789=CARTESIAN_POINT('',(-29.975,14.675,0.05));
#3790=CARTESIAN_POINT('Origin',(-29.975,15.175,0.05));
#3791=CARTESIAN_POINT('',(-29.475,15.175,0.));
#3792=CARTESIAN_POINT('',(-29.475,15.175,0.));
#3793=CARTESIAN_POINT('',(-29.975,14.675,0.));
#3794=CARTESIAN_POINT('Origin',(-29.975,15.175,0.));
#3795=CARTESIAN_POINT('',(-29.975,14.675,0.));
#3796=CARTESIAN_POINT('Origin',(-42.975,14.675,0.));
#3797=CARTESIAN_POINT('',(-42.975,14.675,0.05));
#3798=CARTESIAN_POINT('',(-39.725,14.675,0.05));
#3799=CARTESIAN_POINT('',(-42.975,14.675,0.));
#3800=CARTESIAN_POINT('',(-30.5228692355525,14.675,0.));
#3801=CARTESIAN_POINT('',(-42.975,14.675,0.));
#3802=CARTESIAN_POINT('Origin',(-42.975,15.175,0.));
#3803=CARTESIAN_POINT('',(-43.475,15.175,0.05));
#3804=CARTESIAN_POINT('Origin',(-42.975,15.175,0.05));
#3805=CARTESIAN_POINT('',(-43.475,15.175,0.));
#3806=CARTESIAN_POINT('Origin',(-42.975,15.175,0.));
#3807=CARTESIAN_POINT('',(-43.475,15.175,0.));
#3808=CARTESIAN_POINT('Origin',(-29.975,28.675,0.));
#3809=CARTESIAN_POINT('',(-29.975,28.675,0.));
#3810=CARTESIAN_POINT('',(-42.975,28.675,0.));
#3811=CARTESIAN_POINT('',(-24.0228692355525,28.675,0.));
#3812=CARTESIAN_POINT('',(-29.975,28.675,2.));
#3813=CARTESIAN_POINT('',(-29.975,28.675,0.));
#3814=CARTESIAN_POINT('',(-42.975,28.675,2.));
#3815=CARTESIAN_POINT('',(-24.0228692355525,28.675,2.));
#3816=CARTESIAN_POINT('',(-42.975,28.675,0.));
#3817=CARTESIAN_POINT('Origin',(-29.975,28.175,0.));
#3818=CARTESIAN_POINT('',(-29.475,28.175,0.));
#3819=CARTESIAN_POINT('Origin',(-29.975,28.175,0.));
#3820=CARTESIAN_POINT('',(-29.475,28.175,2.));
#3821=CARTESIAN_POINT('',(-29.475,28.175,0.));
#3822=CARTESIAN_POINT('Origin',(-29.975,28.175,2.));
#3823=CARTESIAN_POINT('Origin',(-42.975,28.175,0.));
#3824=CARTESIAN_POINT('',(-43.475,28.175,0.));
#3825=CARTESIAN_POINT('Origin',(-42.975,28.175,0.));
#3826=CARTESIAN_POINT('',(-43.475,28.175,2.));
#3827=CARTESIAN_POINT('Origin',(-42.975,28.175,2.));
#3828=CARTESIAN_POINT('',(-43.475,28.175,0.));
#3829=CARTESIAN_POINT('Origin',(8.125,-3.875,0.));
#3830=CARTESIAN_POINT('',(8.625,-3.875,0.05));
#3831=CARTESIAN_POINT('',(8.125,-4.375,0.05));
#3832=CARTESIAN_POINT('Origin',(8.125,-3.875,0.05));
#3833=CARTESIAN_POINT('',(8.625,-3.875,0.));
#3834=CARTESIAN_POINT('',(8.625,-3.875,0.));
#3835=CARTESIAN_POINT('',(8.125,-4.375,0.));
#3836=CARTESIAN_POINT('Origin',(8.125,-3.875,0.));
#3837=CARTESIAN_POINT('',(8.125,-4.375,0.));
#3838=CARTESIAN_POINT('Origin',(-4.87500000000001,-4.375,0.));
#3839=CARTESIAN_POINT('',(-4.87500000000001,-4.375,0.05));
#3840=CARTESIAN_POINT('',(-1.625,-4.375,0.05));
#3841=CARTESIAN_POINT('',(-4.87500000000001,-4.375,0.));
#3842=CARTESIAN_POINT('',(-11.4728692355525,-4.375,0.));
#3843=CARTESIAN_POINT('',(-4.87500000000001,-4.375,0.));
#3844=CARTESIAN_POINT('Origin',(-4.87500000000001,-3.875,0.));
#3845=CARTESIAN_POINT('',(-5.37500000000001,-3.875,0.05));
#3846=CARTESIAN_POINT('Origin',(-4.87500000000001,-3.875,0.05));
#3847=CARTESIAN_POINT('',(-5.37500000000001,-3.875,0.));
#3848=CARTESIAN_POINT('Origin',(-4.87500000000001,-3.875,0.));
#3849=CARTESIAN_POINT('',(-5.37500000000001,-3.875,0.));
#3850=CARTESIAN_POINT('Origin',(8.125,9.625,0.));
#3851=CARTESIAN_POINT('',(8.125,9.625,0.));
#3852=CARTESIAN_POINT('',(-4.87500000000001,9.625,0.));
#3853=CARTESIAN_POINT('',(-4.97286923555245,9.62500000000001,0.));
#3854=CARTESIAN_POINT('',(8.125,9.625,2.));
#3855=CARTESIAN_POINT('',(8.125,9.625,0.));
#3856=CARTESIAN_POINT('',(-4.87500000000001,9.625,2.));
#3857=CARTESIAN_POINT('',(-4.97286923555245,9.62500000000001,2.));
#3858=CARTESIAN_POINT('',(-4.87500000000001,9.625,0.));
#3859=CARTESIAN_POINT('Origin',(8.125,9.12500000000001,0.));
#3860=CARTESIAN_POINT('',(8.625,9.12500000000001,0.));
#3861=CARTESIAN_POINT('Origin',(8.125,9.12500000000001,0.));
#3862=CARTESIAN_POINT('',(8.625,9.12500000000001,2.));
#3863=CARTESIAN_POINT('',(8.625,9.12500000000001,0.));
#3864=CARTESIAN_POINT('Origin',(8.125,9.12500000000001,2.));
#3865=CARTESIAN_POINT('Origin',(-4.87500000000001,9.12500000000001,0.));
#3866=CARTESIAN_POINT('',(-5.37500000000001,9.12500000000001,0.));
#3867=CARTESIAN_POINT('Origin',(-4.87500000000001,9.12500000000001,0.));
#3868=CARTESIAN_POINT('',(-5.37500000000001,9.12500000000001,2.));
#3869=CARTESIAN_POINT('Origin',(-4.87500000000001,9.12500000000001,2.));
#3870=CARTESIAN_POINT('',(-5.37500000000001,9.12500000000001,0.));
#3871=CARTESIAN_POINT('Origin',(-10.925,28.675,0.));
#3872=CARTESIAN_POINT('',(-10.925,28.675,0.));
#3873=CARTESIAN_POINT('',(-23.925,28.675,0.));
#3874=CARTESIAN_POINT('',(-14.4978692355525,28.675,0.));
#3875=CARTESIAN_POINT('',(-10.925,28.675,2.));
#3876=CARTESIAN_POINT('',(-10.925,28.675,0.));
#3877=CARTESIAN_POINT('',(-23.925,28.675,2.));
#3878=CARTESIAN_POINT('',(-14.4978692355525,28.675,2.));
#3879=CARTESIAN_POINT('',(-23.925,28.675,0.));
#3880=CARTESIAN_POINT('Origin',(-10.925,28.175,0.));
#3881=CARTESIAN_POINT('',(-10.425,28.175,0.));
#3882=CARTESIAN_POINT('Origin',(-10.925,28.175,0.));
#3883=CARTESIAN_POINT('',(-10.425,28.175,2.));
#3884=CARTESIAN_POINT('',(-10.425,28.175,0.));
#3885=CARTESIAN_POINT('Origin',(-10.925,28.175,2.));
#3886=CARTESIAN_POINT('Origin',(-10.425,15.175,0.));
#3887=CARTESIAN_POINT('',(-10.425,15.175,0.));
#3888=CARTESIAN_POINT('',(-10.425,13.2814775482404,0.));
#3889=CARTESIAN_POINT('',(-10.425,15.175,2.));
#3890=CARTESIAN_POINT('',(-10.425,15.175,0.));
#3891=CARTESIAN_POINT('',(-10.425,13.2814775482404,2.));
#3892=CARTESIAN_POINT('Origin',(-10.925,15.175,0.));
#3893=CARTESIAN_POINT('',(-10.925,14.675,0.));
#3894=CARTESIAN_POINT('Origin',(-10.925,15.175,0.));
#3895=CARTESIAN_POINT('',(-10.925,14.675,2.));
#3896=CARTESIAN_POINT('',(-10.925,14.675,0.));
#3897=CARTESIAN_POINT('Origin',(-10.925,15.175,2.));
#3898=CARTESIAN_POINT('Origin',(-23.925,14.675,0.));
#3899=CARTESIAN_POINT('',(-23.925,14.675,0.));
#3900=CARTESIAN_POINT('',(-20.9978692355525,14.675,0.));
#3901=CARTESIAN_POINT('',(-23.925,14.675,2.));
#3902=CARTESIAN_POINT('',(-23.925,14.675,0.));
#3903=CARTESIAN_POINT('',(-20.9978692355525,14.675,2.));
#3904=CARTESIAN_POINT('Origin',(-23.925,15.175,0.));
#3905=CARTESIAN_POINT('',(-24.425,15.175,0.));
#3906=CARTESIAN_POINT('Origin',(-23.925,15.175,0.));
#3907=CARTESIAN_POINT('',(-24.425,15.175,2.));
#3908=CARTESIAN_POINT('',(-24.425,15.175,0.));
#3909=CARTESIAN_POINT('Origin',(-23.925,15.175,2.));
#3910=CARTESIAN_POINT('Origin',(-24.425,28.175,0.));
#3911=CARTESIAN_POINT('',(-24.425,28.175,0.));
#3912=CARTESIAN_POINT('',(-24.425,19.7814775482404,0.));
#3913=CARTESIAN_POINT('',(-24.425,28.175,2.));
#3914=CARTESIAN_POINT('',(-24.425,28.175,0.));
#3915=CARTESIAN_POINT('',(-24.425,19.7814775482404,2.));
#3916=CARTESIAN_POINT('Origin',(-23.925,28.175,0.));
#3917=CARTESIAN_POINT('Origin',(-23.925,28.175,0.));
#3918=CARTESIAN_POINT('Origin',(-23.925,28.175,2.));
#3919=CARTESIAN_POINT('Origin',(-29.975,-3.875,0.));
#3920=CARTESIAN_POINT('',(-29.475,-3.875,0.05));
#3921=CARTESIAN_POINT('',(-29.975,-4.375,0.05));
#3922=CARTESIAN_POINT('Origin',(-29.975,-3.875,0.05));
#3923=CARTESIAN_POINT('',(-29.475,-3.875,0.));
#3924=CARTESIAN_POINT('',(-29.475,-3.875,0.));
#3925=CARTESIAN_POINT('',(-29.975,-4.375,0.));
#3926=CARTESIAN_POINT('Origin',(-29.975,-3.875,0.));
#3927=CARTESIAN_POINT('',(-29.975,-4.375,0.));
#3928=CARTESIAN_POINT('Origin',(-42.975,-4.375,0.));
#3929=CARTESIAN_POINT('',(-42.975,-4.375,0.05));
#3930=CARTESIAN_POINT('',(-39.725,-4.375,0.05));
#3931=CARTESIAN_POINT('',(-42.975,-4.375,0.));
#3932=CARTESIAN_POINT('',(-30.5228692355525,-4.375,0.));
#3933=CARTESIAN_POINT('',(-42.975,-4.375,0.));
#3934=CARTESIAN_POINT('Origin',(-42.975,-3.875,0.));
#3935=CARTESIAN_POINT('',(-43.475,-3.875,0.05));
#3936=CARTESIAN_POINT('Origin',(-42.975,-3.875,0.05));
#3937=CARTESIAN_POINT('',(-43.475,-3.875,0.));
#3938=CARTESIAN_POINT('Origin',(-42.975,-3.875,0.));
#3939=CARTESIAN_POINT('',(-43.475,-3.875,0.));
#3940=CARTESIAN_POINT('Origin',(-29.975,9.625,0.));
#3941=CARTESIAN_POINT('',(-29.975,9.625,0.));
#3942=CARTESIAN_POINT('',(-42.975,9.625,0.));
#3943=CARTESIAN_POINT('',(-24.0228692355525,9.62500000000001,0.));
#3944=CARTESIAN_POINT('',(-29.975,9.625,2.));
#3945=CARTESIAN_POINT('',(-29.975,9.625,0.));
#3946=CARTESIAN_POINT('',(-42.975,9.625,2.));
#3947=CARTESIAN_POINT('',(-24.0228692355525,9.62500000000001,2.));
#3948=CARTESIAN_POINT('',(-42.975,9.625,0.));
#3949=CARTESIAN_POINT('Origin',(-29.975,9.12500000000001,0.));
#3950=CARTESIAN_POINT('',(-29.475,9.12500000000001,0.));
#3951=CARTESIAN_POINT('Origin',(-29.975,9.12500000000001,0.));
#3952=CARTESIAN_POINT('',(-29.475,9.12500000000001,2.));
#3953=CARTESIAN_POINT('',(-29.475,9.12500000000001,0.));
#3954=CARTESIAN_POINT('Origin',(-29.975,9.12500000000001,2.));
#3955=CARTESIAN_POINT('Origin',(-42.975,9.12500000000001,0.));
#3956=CARTESIAN_POINT('',(-43.475,9.12500000000001,0.));
#3957=CARTESIAN_POINT('Origin',(-42.975,9.12500000000001,0.));
#3958=CARTESIAN_POINT('',(-43.475,9.12500000000001,2.));
#3959=CARTESIAN_POINT('Origin',(-42.975,9.12500000000001,2.));
#3960=CARTESIAN_POINT('',(-43.475,9.12500000000001,0.));
#3961=CARTESIAN_POINT('Origin',(-10.925,-3.875,0.));
#3962=CARTESIAN_POINT('',(-10.4251126666977,-3.88561385904921,2.));
#3963=CARTESIAN_POINT('',(-10.4251126666977,-3.88561385904921,0.05));
#3964=CARTESIAN_POINT('',(-10.4251126666977,-3.88561385904921,0.));
#3965=CARTESIAN_POINT('',(-10.425,-3.875,2.));
#3966=CARTESIAN_POINT('Origin',(-10.925,-3.875,2.));
#3967=CARTESIAN_POINT('',(-10.425,-3.875,0.));
#3968=CARTESIAN_POINT('',(-10.425,-3.875,0.));
#3969=CARTESIAN_POINT('',(-10.925,-4.375,0.));
#3970=CARTESIAN_POINT('Origin',(-10.925,-3.875,0.));
#3971=CARTESIAN_POINT('',(-10.925,-4.375,0.0499999999999987));
#3972=CARTESIAN_POINT('',(-10.925,-4.375,0.));
#3973=CARTESIAN_POINT('Origin',(-10.925,-3.875,0.0499999999999994));
#3974=CARTESIAN_POINT('Origin',(-23.925,-4.375,0.));
#3975=CARTESIAN_POINT('',(-23.925,-4.375,0.0499999999999987));
#3976=CARTESIAN_POINT('',(-20.675,-4.375,0.0499999999999987));
#3977=CARTESIAN_POINT('',(-23.925,-4.375,0.));
#3978=CARTESIAN_POINT('',(-20.9978692355525,-4.375,0.));
#3979=CARTESIAN_POINT('',(-23.925,-4.375,0.));
#3980=CARTESIAN_POINT('Origin',(-23.925,-3.875,0.));
#3981=CARTESIAN_POINT('',(-24.425,-3.875,0.05));
#3982=CARTESIAN_POINT('Origin',(-23.925,-3.875,0.0499999999999994));
#3983=CARTESIAN_POINT('',(-24.425,-3.875,0.));
#3984=CARTESIAN_POINT('Origin',(-23.925,-3.875,0.));
#3985=CARTESIAN_POINT('',(-24.425,-3.875,0.));
#3986=CARTESIAN_POINT('Origin',(-10.925,9.625,0.));
#3987=CARTESIAN_POINT('',(-10.925,9.62500000000001,0.));
#3988=CARTESIAN_POINT('',(-23.925,9.625,0.));
#3989=CARTESIAN_POINT('',(-14.4978692355525,9.62500000000001,0.));
#3990=CARTESIAN_POINT('',(-10.925,9.62500000000001,2.));
#3991=CARTESIAN_POINT('',(-10.925,9.62500000000001,0.));
#3992=CARTESIAN_POINT('',(-23.925,9.625,2.));
#3993=CARTESIAN_POINT('',(-14.4978692355525,9.62500000000001,2.));
#3994=CARTESIAN_POINT('',(-23.925,9.625,0.));
#3995=CARTESIAN_POINT('Origin',(-10.925,9.12500000000001,0.));
#3996=CARTESIAN_POINT('',(-10.425,9.12500000000001,0.));
#3997=CARTESIAN_POINT('Origin',(-10.925,9.12500000000001,0.));
#3998=CARTESIAN_POINT('',(-10.425,9.12500000000001,2.));
#3999=CARTESIAN_POINT('',(-10.425,9.12500000000001,0.));
#4000=CARTESIAN_POINT('Origin',(-10.925,9.12500000000001,2.));
#4001=CARTESIAN_POINT('Origin',(-10.425,-3.875,0.));
#4002=CARTESIAN_POINT('',(-10.425,3.75647754824037,0.));
#4003=CARTESIAN_POINT('',(-10.425,3.75647754824037,2.));
#4004=CARTESIAN_POINT('Origin',(-23.925,9.12500000000001,0.));
#4005=CARTESIAN_POINT('',(-24.425,9.12500000000001,0.));
#4006=CARTESIAN_POINT('Origin',(-23.925,9.12500000000001,0.));
#4007=CARTESIAN_POINT('',(-24.425,9.12500000000001,2.));
#4008=CARTESIAN_POINT('Origin',(-23.925,9.12500000000001,2.));
#4009=CARTESIAN_POINT('',(-24.425,9.12500000000001,0.));
#4010=CARTESIAN_POINT('Origin',(8.13257187304776,50.4649515931298,0.));
#4011=CARTESIAN_POINT('',(-3.06960412189295,50.4596923555735,0.0500000000000247));
#4012=CARTESIAN_POINT('',(0.00821565961768467,50.4611373413864,0.0500000000003134));
#4013=CARTESIAN_POINT('',(5.32114353788145,50.4636316737236,0.0500000000000257));
#4014=CARTESIAN_POINT('',(-3.06960412189295,50.4596923555735,0.));
#4015=CARTESIAN_POINT('',(-3.06960412189295,50.4596923555735,0.));
#4016=CARTESIAN_POINT('',(8.13257187304776,50.4649515931298,0.));
#4017=CARTESIAN_POINT('',(-4.97825341308083,50.4587962760941,0.));
#4018=CARTESIAN_POINT('',(8.13257187304776,50.4649515931298,2.));
#4019=CARTESIAN_POINT('',(8.13257187304776,50.4649515931298,0.));
#4020=CARTESIAN_POINT('',(0.00821565961768522,50.4611373413864,2.));
#4021=CARTESIAN_POINT('',(-4.97825341308083,50.4587962760941,2.));
#4022=CARTESIAN_POINT('',(0.00821565962669912,50.4611373413864,0.0250000000001567));
#4023=CARTESIAN_POINT('Origin',(8.13257187304776,49.9649515931298,0.));
#4024=CARTESIAN_POINT('',(8.63257187304775,49.9649515931298,0.));
#4025=CARTESIAN_POINT('Origin',(8.13257187304776,49.9649515931298,0.));
#4026=CARTESIAN_POINT('',(8.63257187304775,49.9649515931298,2.));
#4027=CARTESIAN_POINT('',(8.63257187304775,49.9649515931298,0.));
#4028=CARTESIAN_POINT('Origin',(8.13257187304776,49.9649515931298,2.));
#4029=CARTESIAN_POINT('Origin',(8.60000011697412,39.1000005789101,0.));
#4030=CARTESIAN_POINT('',(8.60000011697412,39.1000005789101,0.));
#4031=CARTESIAN_POINT('',(8.55834203030987,25.204124964158,0.));
#4032=CARTESIAN_POINT('',(8.60000011697412,39.1000005789101,2.));
#4033=CARTESIAN_POINT('',(8.60000011697412,39.1000005789101,0.));
#4034=CARTESIAN_POINT('',(8.55834203030987,25.204124964158,2.));
#4035=CARTESIAN_POINT('Origin',(-3.07491198302872,38.6128268559944,0.));
#4036=CARTESIAN_POINT('',(8.10000011697412,38.6000005789101,0.050000000000026));
#4037=CARTESIAN_POINT('',(-3.07491198302872,38.6128268559944,0.0500000000000246));
#4038=CARTESIAN_POINT('',(-0.284605754376744,38.6096242141733,0.050000000000025));
#4039=CARTESIAN_POINT('',(8.10000011697412,38.6000005789101,0.));
#4040=CARTESIAN_POINT('',(8.10000011697412,38.6000005789101,0.));
#4041=CARTESIAN_POINT('',(-3.07491198302872,38.6128268559944,0.));
#4042=CARTESIAN_POINT('',(-10.557191365746,38.6214148240898,0.));
#4043=CARTESIAN_POINT('',(-3.07491198302872,38.6128268559944,0.));
#4044=CARTESIAN_POINT('Origin',(-3.07491198302872,39.1128268559944,0.));
#4045=CARTESIAN_POINT('',(-3.57491198302872,39.1128268559944,0.0500000000000246));
#4046=CARTESIAN_POINT('Origin',(-3.07491198302872,39.1128268559944,0.0500000000000253));
#4047=CARTESIAN_POINT('',(-3.57491198302872,39.1128268559944,0.));
#4048=CARTESIAN_POINT('Origin',(-3.07491198302872,39.1128268559944,0.));
#4049=CARTESIAN_POINT('',(-3.57491198302872,39.1128268559944,0.));
#4050=CARTESIAN_POINT('Origin',(-3.56960412189294,49.9596923555735,0.));
#4051=CARTESIAN_POINT('',(-3.56960412189294,49.9596923555735,0.0500000000000246));
#4052=CARTESIAN_POINT('',(-3.57093175099759,47.2466194316521,0.0500000000000246));
#4053=CARTESIAN_POINT('',(-3.56960412189294,49.9596923555735,0.));
#4054=CARTESIAN_POINT('',(-3.57904330231844,30.6702803150886,0.));
#4055=CARTESIAN_POINT('',(-3.56960412189294,49.9596923555735,0.));
#4056=CARTESIAN_POINT('Origin',(-3.06960412189295,49.9596923555735,0.));
#4057=CARTESIAN_POINT('Origin',(-3.06960412189295,49.9596923555735,0.0500000000000253));
#4058=CARTESIAN_POINT('Origin',(-3.06960412189295,49.9596923555735,0.));
#4059=CARTESIAN_POINT('Origin',(-36.475,21.645,0.05));
#4060=CARTESIAN_POINT('',(-43.475,15.145,0.05));
#4061=CARTESIAN_POINT('',(-43.475,28.145,0.05));
#4062=CARTESIAN_POINT('',(-42.975,14.645,0.05));
#4063=CARTESIAN_POINT('Origin',(-42.975,15.145,0.05));
#4064=CARTESIAN_POINT('',(-29.975,14.645,0.05));
#4065=CARTESIAN_POINT('',(-42.975,14.645,0.05));
#4066=CARTESIAN_POINT('',(-29.475,15.145,0.05));
#4067=CARTESIAN_POINT('Origin',(-29.975,15.145,0.05));
#4068=CARTESIAN_POINT('',(-29.475,28.145,0.05));
#4069=CARTESIAN_POINT('Origin',(-43.475,28.145,0.05));
#4070=CARTESIAN_POINT('',(-43.475,15.145,2.));
#4071=CARTESIAN_POINT('',(-43.475,19.7664775482404,2.));
#4072=CARTESIAN_POINT('',(-43.475,15.145,0.05));
#4073=CARTESIAN_POINT('',(-43.475,19.7814775482404,0.));
#4074=CARTESIAN_POINT('Origin',(1.625,2.595,0.05));
#4075=CARTESIAN_POINT('',(-5.37500000000001,-3.905,0.05));
#4076=CARTESIAN_POINT('',(-5.37500000000001,9.095,0.05));
#4077=CARTESIAN_POINT('',(-4.87500000000001,-4.405,0.05));
#4078=CARTESIAN_POINT('Origin',(-4.87500000000001,-3.905,0.05));
#4079=CARTESIAN_POINT('',(8.125,-4.405,0.05));
#4080=CARTESIAN_POINT('',(-4.87500000000001,-4.405,0.05));
#4081=CARTESIAN_POINT('',(8.625,-3.905,0.05));
#4082=CARTESIAN_POINT('Origin',(8.125,-3.905,0.05));
#4083=CARTESIAN_POINT('',(8.625,9.095,0.05));
#4084=CARTESIAN_POINT('Origin',(-5.37500000000001,9.095,0.05));
#4085=CARTESIAN_POINT('',(-5.37500000000001,-3.905,2.));
#4086=CARTESIAN_POINT('',(-5.37500000000001,10.2414775482404,2.));
#4087=CARTESIAN_POINT('',(-5.37500000000001,-3.905,0.05));
#4088=CARTESIAN_POINT('',(-5.37500000000001,10.2564775482404,0.));
#4089=CARTESIAN_POINT('Origin',(-36.475,2.595,0.05));
#4090=CARTESIAN_POINT('',(-43.475,-3.905,0.05));
#4091=CARTESIAN_POINT('',(-43.475,9.095,0.05));
#4092=CARTESIAN_POINT('',(-42.975,-4.405,0.05));
#4093=CARTESIAN_POINT('Origin',(-42.975,-3.905,0.05));
#4094=CARTESIAN_POINT('',(-29.975,-4.405,0.05));
#4095=CARTESIAN_POINT('',(-42.975,-4.405,0.05));
#4096=CARTESIAN_POINT('',(-29.475,-3.905,0.05));
#4097=CARTESIAN_POINT('Origin',(-29.975,-3.905,0.05));
#4098=CARTESIAN_POINT('',(-29.475,9.095,0.05));
#4099=CARTESIAN_POINT('Origin',(-43.475,9.095,0.05));
#4100=CARTESIAN_POINT('',(-43.475,-3.905,2.));
#4101=CARTESIAN_POINT('',(-43.475,10.2414775482404,2.));
#4102=CARTESIAN_POINT('',(-43.475,-3.905,0.05));
#4103=CARTESIAN_POINT('',(-43.475,10.2564775482404,0.));
#4104=CARTESIAN_POINT('Origin',(-10.425,-3.905,0.05));
#4105=CARTESIAN_POINT('',(-10.425,-3.905,0.05));
#4106=CARTESIAN_POINT('',(-10.5000001639128,9.00000013411045,0.05));
#4107=CARTESIAN_POINT('',(-10.425,-3.905,2.));
#4108=CARTESIAN_POINT('',(-10.425,-3.905,0.05));
#4109=CARTESIAN_POINT('',(-10.4695667530392,3.76343595990683,2.));
#4110=CARTESIAN_POINT('Origin',(-17.425,2.595,0.0499999999999994));
#4111=CARTESIAN_POINT('',(-24.425,-3.905,0.05));
#4112=CARTESIAN_POINT('',(-24.425,9.095,0.05));
#4113=CARTESIAN_POINT('',(-23.925,-4.405,0.05));
#4114=CARTESIAN_POINT('Origin',(-23.925,-3.905,0.05));
#4115=CARTESIAN_POINT('',(-10.925,-4.405,0.05));
#4116=CARTESIAN_POINT('',(-23.925,-4.405,0.05));
#4117=CARTESIAN_POINT('Origin',(-10.925,-3.905,0.05));
#4118=CARTESIAN_POINT('Origin',(-24.425,9.095,0.05));
#4119=CARTESIAN_POINT('',(-24.425,-3.905,2.));
#4120=CARTESIAN_POINT('',(-24.425,10.2414775482404,2.));
#4121=CARTESIAN_POINT('',(-24.425,-3.905,0.05));
#4122=CARTESIAN_POINT('',(-24.425,10.2564775482404,0.));
#4123=CARTESIAN_POINT('Origin',(8.10000011697413,50.4611373413864,0.0500000000003135));
#4124=CARTESIAN_POINT('',(-3.075,50.4611373413864,2.));
#4125=CARTESIAN_POINT('',(-4.9853691770654,50.4611373413864,2.));
#4126=CARTESIAN_POINT('',(-3.075,50.4611373413864,0.0500000000003134));
#4127=CARTESIAN_POINT('',(-3.075,50.4611373413864,0.0500000000003134));
#4128=CARTESIAN_POINT('',(-3.075,50.4611373413864,0.0500000000003134));
#4129=CARTESIAN_POINT('Origin',(-29.975,-9.45499999999999,0.));
#4130=CARTESIAN_POINT('',(-29.975,-9.45499999999999,0.));
#4131=CARTESIAN_POINT('',(-42.975,-9.45499999999999,0.));
#4132=CARTESIAN_POINT('',(-24.0228692355525,-9.45499999999999,0.));
#4133=CARTESIAN_POINT('',(-29.975,-9.45499999999999,2.));
#4134=CARTESIAN_POINT('',(-29.975,-9.45499999999999,0.));
#4135=CARTESIAN_POINT('',(-42.975,-9.45499999999999,2.));
#4136=CARTESIAN_POINT('',(-24.0228692355525,-9.45499999999999,2.));
#4137=CARTESIAN_POINT('',(-42.975,-9.45499999999999,0.));
#4138=CARTESIAN_POINT('Origin',(-29.975,-9.95499999999999,0.));
#4139=CARTESIAN_POINT('',(-29.475,-9.95499999999999,0.));
#4140=CARTESIAN_POINT('Origin',(-29.975,-9.95499999999999,0.));
#4141=CARTESIAN_POINT('',(-29.475,-9.95499999999999,2.));
#4142=CARTESIAN_POINT('',(-29.475,-9.95499999999999,0.));
#4143=CARTESIAN_POINT('Origin',(-29.975,-9.95499999999999,2.));
#4144=CARTESIAN_POINT('Origin',(-29.475,-22.955,0.));
#4145=CARTESIAN_POINT('',(-29.475,-22.955,0.));
#4146=CARTESIAN_POINT('',(-29.475,-5.78352245175963,0.));
#4147=CARTESIAN_POINT('',(-29.475,-22.955,2.));
#4148=CARTESIAN_POINT('',(-29.475,-22.955,0.));
#4149=CARTESIAN_POINT('',(-29.475,-5.78352245175963,2.));
#4150=CARTESIAN_POINT('Origin',(-29.975,-22.955,0.));
#4151=CARTESIAN_POINT('',(-29.975,-23.455,0.));
#4152=CARTESIAN_POINT('Origin',(-29.975,-22.955,0.));
#4153=CARTESIAN_POINT('',(-29.975,-23.455,2.));
#4154=CARTESIAN_POINT('',(-29.975,-23.455,0.));
#4155=CARTESIAN_POINT('Origin',(-29.975,-22.955,2.));
#4156=CARTESIAN_POINT('Origin',(-42.975,-23.455,0.));
#4157=CARTESIAN_POINT('',(-42.975,-23.455,0.));
#4158=CARTESIAN_POINT('',(-30.5228692355525,-23.455,0.));
#4159=CARTESIAN_POINT('',(-42.975,-23.455,2.));
#4160=CARTESIAN_POINT('',(-42.975,-23.455,0.));
#4161=CARTESIAN_POINT('',(-30.5228692355525,-23.455,2.));
#4162=CARTESIAN_POINT('Origin',(-42.975,-22.955,0.));
#4163=CARTESIAN_POINT('',(-43.475,-22.955,0.));
#4164=CARTESIAN_POINT('Origin',(-42.975,-22.955,0.));
#4165=CARTESIAN_POINT('',(-43.475,-22.955,2.));
#4166=CARTESIAN_POINT('',(-43.475,-22.955,0.));
#4167=CARTESIAN_POINT('Origin',(-42.975,-22.955,2.));
#4168=CARTESIAN_POINT('Origin',(-43.475,-9.95499999999999,0.));
#4169=CARTESIAN_POINT('',(-43.475,-9.95499999999999,0.));
#4170=CARTESIAN_POINT('',(-43.475,0.716477548240372,0.));
#4171=CARTESIAN_POINT('',(-43.475,-9.95499999999999,2.));
#4172=CARTESIAN_POINT('',(-43.475,-9.95499999999999,0.));
#4173=CARTESIAN_POINT('',(-43.475,0.716477548240372,2.));
#4174=CARTESIAN_POINT('Origin',(-42.975,-9.95499999999999,0.));
#4175=CARTESIAN_POINT('Origin',(-42.975,-9.95499999999999,0.));
#4176=CARTESIAN_POINT('Origin',(-42.975,-9.95499999999999,2.));
#4177=CARTESIAN_POINT('Origin',(-10.925,-9.45499999999999,0.));
#4178=CARTESIAN_POINT('',(-10.925,-9.45499999999999,0.));
#4179=CARTESIAN_POINT('',(-23.925,-9.45499999999999,0.));
#4180=CARTESIAN_POINT('',(-14.4978692355525,-9.45499999999999,0.));
#4181=CARTESIAN_POINT('',(-10.925,-9.45499999999999,2.));
#4182=CARTESIAN_POINT('',(-10.925,-9.45499999999999,0.));
#4183=CARTESIAN_POINT('',(-23.925,-9.45499999999999,2.));
#4184=CARTESIAN_POINT('',(-14.4978692355525,-9.45499999999999,2.));
#4185=CARTESIAN_POINT('',(-23.925,-9.45499999999999,0.));
#4186=CARTESIAN_POINT('Origin',(-10.925,-9.95499999999999,0.));
#4187=CARTESIAN_POINT('',(-10.425,-9.95499999999999,0.));
#4188=CARTESIAN_POINT('Origin',(-10.925,-9.95499999999999,0.));
#4189=CARTESIAN_POINT('',(-10.425,-9.95499999999999,2.));
#4190=CARTESIAN_POINT('',(-10.425,-9.95499999999999,0.));
#4191=CARTESIAN_POINT('Origin',(-10.925,-9.95499999999999,2.));
#4192=CARTESIAN_POINT('Origin',(-10.425,-22.955,0.));
#4193=CARTESIAN_POINT('',(-10.425,-22.955,0.));
#4194=CARTESIAN_POINT('',(-10.425,-5.78352245175963,0.));
#4195=CARTESIAN_POINT('',(-10.425,-22.955,2.));
#4196=CARTESIAN_POINT('',(-10.425,-22.955,0.));
#4197=CARTESIAN_POINT('',(-10.425,-5.78352245175963,2.));
#4198=CARTESIAN_POINT('Origin',(-10.925,-22.955,0.));
#4199=CARTESIAN_POINT('',(-10.925,-23.455,0.));
#4200=CARTESIAN_POINT('Origin',(-10.925,-22.955,0.));
#4201=CARTESIAN_POINT('',(-10.925,-23.455,2.));
#4202=CARTESIAN_POINT('',(-10.925,-23.455,0.));
#4203=CARTESIAN_POINT('Origin',(-10.925,-22.955,2.));
#4204=CARTESIAN_POINT('Origin',(-23.925,-23.455,0.));
#4205=CARTESIAN_POINT('',(-23.925,-23.455,0.));
#4206=CARTESIAN_POINT('',(-20.9978692355525,-23.455,0.));
#4207=CARTESIAN_POINT('',(-23.925,-23.455,2.));
#4208=CARTESIAN_POINT('',(-23.925,-23.455,0.));
#4209=CARTESIAN_POINT('',(-20.9978692355525,-23.455,2.));
#4210=CARTESIAN_POINT('Origin',(-23.925,-22.955,0.));
#4211=CARTESIAN_POINT('',(-24.425,-22.955,0.));
#4212=CARTESIAN_POINT('Origin',(-23.925,-22.955,0.));
#4213=CARTESIAN_POINT('',(-24.425,-22.955,2.));
#4214=CARTESIAN_POINT('',(-24.425,-22.955,0.));
#4215=CARTESIAN_POINT('Origin',(-23.925,-22.955,2.));
#4216=CARTESIAN_POINT('Origin',(-24.425,-9.95499999999999,0.));
#4217=CARTESIAN_POINT('',(-24.425,-9.95499999999999,0.));
#4218=CARTESIAN_POINT('',(-24.425,0.716477548240372,0.));
#4219=CARTESIAN_POINT('',(-24.425,-9.95499999999999,2.));
#4220=CARTESIAN_POINT('',(-24.425,-9.95499999999999,0.));
#4221=CARTESIAN_POINT('',(-24.425,0.716477548240372,2.));
#4222=CARTESIAN_POINT('Origin',(-23.925,-9.95499999999999,0.));
#4223=CARTESIAN_POINT('Origin',(-23.925,-9.95499999999999,0.));
#4224=CARTESIAN_POINT('Origin',(-23.925,-9.95499999999999,2.));
#4225=CARTESIAN_POINT('Origin',(8.125,-9.45499999999999,0.));
#4226=CARTESIAN_POINT('',(8.125,-9.45499999999999,0.));
#4227=CARTESIAN_POINT('',(-4.87500000000001,-9.45499999999999,0.));
#4228=CARTESIAN_POINT('',(-4.97286923555245,-9.45499999999999,0.));
#4229=CARTESIAN_POINT('',(8.125,-9.45499999999999,2.));
#4230=CARTESIAN_POINT('',(8.125,-9.45499999999999,0.));
#4231=CARTESIAN_POINT('',(-4.87500000000001,-9.45499999999999,2.));
#4232=CARTESIAN_POINT('',(-4.97286923555245,-9.45499999999999,2.));
#4233=CARTESIAN_POINT('',(-4.87500000000001,-9.45499999999999,0.));
#4234=CARTESIAN_POINT('Origin',(8.125,-9.95499999999999,0.));
#4235=CARTESIAN_POINT('',(8.625,-9.95499999999999,0.));
#4236=CARTESIAN_POINT('Origin',(8.125,-9.95499999999999,0.));
#4237=CARTESIAN_POINT('',(8.625,-9.95499999999999,2.));
#4238=CARTESIAN_POINT('',(8.625,-9.95499999999999,0.));
#4239=CARTESIAN_POINT('Origin',(8.125,-9.95499999999999,2.));
#4240=CARTESIAN_POINT('Origin',(8.625,-22.955,0.));
#4241=CARTESIAN_POINT('',(8.625,-22.955,0.));
#4242=CARTESIAN_POINT('',(8.625,-5.78352245175963,0.));
#4243=CARTESIAN_POINT('',(8.625,-22.955,2.));
#4244=CARTESIAN_POINT('',(8.625,-22.955,0.));
#4245=CARTESIAN_POINT('',(8.625,-5.78352245175963,2.));
#4246=CARTESIAN_POINT('Origin',(8.125,-22.955,0.));
#4247=CARTESIAN_POINT('',(8.125,-23.455,0.));
#4248=CARTESIAN_POINT('Origin',(8.125,-22.955,0.));
#4249=CARTESIAN_POINT('',(8.125,-23.455,2.));
#4250=CARTESIAN_POINT('',(8.125,-23.455,0.));
#4251=CARTESIAN_POINT('Origin',(8.125,-22.955,2.));
#4252=CARTESIAN_POINT('Origin',(-4.87500000000001,-23.455,0.));
#4253=CARTESIAN_POINT('',(-4.87500000000001,-23.455,0.));
#4254=CARTESIAN_POINT('',(-11.4728692355525,-23.455,0.));
#4255=CARTESIAN_POINT('',(-4.87500000000001,-23.455,2.));
#4256=CARTESIAN_POINT('',(-4.87500000000001,-23.455,0.));
#4257=CARTESIAN_POINT('',(-11.4728692355525,-23.455,2.));
#4258=CARTESIAN_POINT('Origin',(-4.87500000000001,-22.955,0.));
#4259=CARTESIAN_POINT('',(-5.37500000000001,-22.955,0.));
#4260=CARTESIAN_POINT('Origin',(-4.87500000000001,-22.955,0.));
#4261=CARTESIAN_POINT('',(-5.37500000000001,-22.955,2.));
#4262=CARTESIAN_POINT('',(-5.37500000000001,-22.955,0.));
#4263=CARTESIAN_POINT('Origin',(-4.87500000000001,-22.955,2.));
#4264=CARTESIAN_POINT('Origin',(-5.37500000000001,-9.95499999999999,0.));
#4265=CARTESIAN_POINT('',(-5.37500000000001,-9.95499999999999,0.));
#4266=CARTESIAN_POINT('',(-5.37500000000001,0.716477548240372,0.));
#4267=CARTESIAN_POINT('',(-5.37500000000001,-9.95499999999999,2.));
#4268=CARTESIAN_POINT('',(-5.37500000000001,-9.95499999999999,0.));
#4269=CARTESIAN_POINT('',(-5.37500000000001,0.716477548240372,2.));
#4270=CARTESIAN_POINT('Origin',(-4.87500000000001,-9.95499999999999,0.));
#4271=CARTESIAN_POINT('Origin',(-4.87500000000001,-9.95499999999999,0.));
#4272=CARTESIAN_POINT('Origin',(-4.87500000000001,-9.95499999999999,2.));
#4273=CARTESIAN_POINT('Origin',(-3.575,49.9611373413864,0.0500000000003134));
#4274=CARTESIAN_POINT('',(-3.575,39.1000005789101,2.));
#4275=CARTESIAN_POINT('',(-3.575,49.9611373413864,2.));
#4276=CARTESIAN_POINT('',(-3.57500000000001,30.6745462189336,2.));
#4277=CARTESIAN_POINT('',(-3.575,39.1000005789101,0.0500000000003134));
#4278=CARTESIAN_POINT('',(-3.575,39.1000005789101,0.0500000000003134));
#4279=CARTESIAN_POINT('',(-3.575,49.9611373413864,0.0500000000003134));
#4280=CARTESIAN_POINT('',(-3.575,39.1000005789101,0.0500000000003134));
#4281=CARTESIAN_POINT('',(-3.575,49.9611373413864,0.0500000000003134));
#4282=CARTESIAN_POINT('Origin',(-3.07500000000001,49.9611373413864,0.0500000000003134));
#4283=CARTESIAN_POINT('Origin',(-3.07500000000001,49.9611373413864,2.));
#4284=CARTESIAN_POINT('Origin',(-3.07500000000001,49.9611373413864,0.0500000000003134));
#4285=CARTESIAN_POINT('Origin',(8.10000011697412,39.1000005789101,0.0500000000000261));
#4286=CARTESIAN_POINT('',(8.10000011697412,38.6000005789101,2.));
#4287=CARTESIAN_POINT('Origin',(8.10000011697412,39.1000005789101,2.));
#4288=CARTESIAN_POINT('Origin',(8.10000011697412,39.1000005789101,0.));
#4289=CARTESIAN_POINT('',(8.10000011697412,38.6000005789101,0.050000000000026));
#4290=CARTESIAN_POINT('Origin',(-3.07500000000001,38.6000005789101,0.0500000000000246));
#4291=CARTESIAN_POINT('',(-3.07500000000001,38.6000005789101,2.));
#4292=CARTESIAN_POINT('',(-10.5728692355525,38.6000005789101,2.));
#4293=CARTESIAN_POINT('',(-3.07500000000001,38.6000005789101,0.0500000000003135));
#4294=CARTESIAN_POINT('',(8.10000011697412,38.6000005789101,0.050000000000026));
#4295=CARTESIAN_POINT('',(-3.07500000000001,38.6000005789101,0.0500000000003135));
#4296=CARTESIAN_POINT('Origin',(-3.07500000000001,39.1000005789101,0.0500000000003135));
#4297=CARTESIAN_POINT('Origin',(-3.07500000000001,39.1000005789101,2.));
#4298=CARTESIAN_POINT('Origin',(-3.07500000000001,39.1000005789101,0.0500000000003135));
#4299=CARTESIAN_POINT('Origin',(2.51250005848706,44.5305689601483,0.0500000000000253));
#4300=CARTESIAN_POINT('Origin',(-42.975,14.645,0.05));
#4301=CARTESIAN_POINT('',(-29.975,14.645,2.));
#4302=CARTESIAN_POINT('',(-42.975,14.645,2.));
#4303=CARTESIAN_POINT('',(-30.5228692355525,14.645,2.));
#4304=CARTESIAN_POINT('',(-29.975,14.645,0.05));
#4305=CARTESIAN_POINT('',(-42.975,14.645,0.05));
#4306=CARTESIAN_POINT('Origin',(-42.975,15.145,0.05));
#4307=CARTESIAN_POINT('Origin',(-42.975,15.145,2.));
#4308=CARTESIAN_POINT('Origin',(-29.475,15.145,0.05));
#4309=CARTESIAN_POINT('',(-29.475,15.145,2.));
#4310=CARTESIAN_POINT('',(-29.475,13.2814775482404,2.));
#4311=CARTESIAN_POINT('',(-29.475,13.2814775482404,0.));
#4312=CARTESIAN_POINT('',(-29.475,15.145,0.05));
#4313=CARTESIAN_POINT('Origin',(-29.975,15.145,0.05));
#4314=CARTESIAN_POINT('Origin',(-29.975,15.145,2.));
#4315=CARTESIAN_POINT('Origin',(-42.975,-4.405,0.05));
#4316=CARTESIAN_POINT('',(-29.975,-4.405,2.));
#4317=CARTESIAN_POINT('',(-42.975,-4.405,2.));
#4318=CARTESIAN_POINT('',(-30.5228692355525,-4.405,2.));
#4319=CARTESIAN_POINT('',(-29.975,-4.405,0.05));
#4320=CARTESIAN_POINT('',(-42.975,-4.405,0.05));
#4321=CARTESIAN_POINT('Origin',(-42.975,-3.905,0.05));
#4322=CARTESIAN_POINT('Origin',(-42.975,-3.905,2.));
#4323=CARTESIAN_POINT('Origin',(-29.475,-3.905,0.05));
#4324=CARTESIAN_POINT('',(-29.475,-3.905,2.));
#4325=CARTESIAN_POINT('',(-29.475,3.75647754824037,2.));
#4326=CARTESIAN_POINT('',(-29.475,3.75647754824037,0.));
#4327=CARTESIAN_POINT('',(-29.475,-3.905,0.05));
#4328=CARTESIAN_POINT('Origin',(-29.975,-3.905,0.05));
#4329=CARTESIAN_POINT('Origin',(-29.975,-3.905,2.));
#4330=CARTESIAN_POINT('Origin',(-4.87500000000001,-4.405,0.05));
#4331=CARTESIAN_POINT('',(8.125,-4.405,2.));
#4332=CARTESIAN_POINT('',(-4.87500000000001,-4.405,2.));
#4333=CARTESIAN_POINT('',(-11.4728692355525,-4.405,2.));
#4334=CARTESIAN_POINT('',(8.125,-4.405,0.05));
#4335=CARTESIAN_POINT('',(-4.87500000000001,-4.405,0.05));
#4336=CARTESIAN_POINT('Origin',(-4.87500000000001,-3.905,0.05));
#4337=CARTESIAN_POINT('Origin',(-4.87500000000001,-3.905,2.));
#4338=CARTESIAN_POINT('Origin',(8.625,-3.905,0.05));
#4339=CARTESIAN_POINT('',(8.625,-3.905,2.));
#4340=CARTESIAN_POINT('',(8.625,3.75647754824037,2.));
#4341=CARTESIAN_POINT('',(8.625,3.75647754824037,0.));
#4342=CARTESIAN_POINT('',(8.625,-3.905,0.05));
#4343=CARTESIAN_POINT('Origin',(8.125,-3.905,0.05));
#4344=CARTESIAN_POINT('Origin',(8.125,-3.905,2.));
#4345=CARTESIAN_POINT('Origin',(-23.925,-4.405,0.05));
#4346=CARTESIAN_POINT('',(-10.925,-4.405,2.));
#4347=CARTESIAN_POINT('',(-23.925,-4.405,2.));
#4348=CARTESIAN_POINT('',(-20.9978692355525,-4.405,2.));
#4349=CARTESIAN_POINT('',(-10.925,-4.405,0.05));
#4350=CARTESIAN_POINT('',(-23.925,-4.405,0.05));
#4351=CARTESIAN_POINT('Origin',(-23.925,-3.905,0.05));
#4352=CARTESIAN_POINT('Origin',(-23.925,-3.905,2.));
#4353=CARTESIAN_POINT('Origin',(-10.925,-3.905,0.05));
#4354=CARTESIAN_POINT('Origin',(-10.925,-3.905,2.));
#4355=CARTESIAN_POINT('Origin',(-4.87500000000001,14.645,0.05));
#4356=CARTESIAN_POINT('',(8.125,14.645,2.));
#4357=CARTESIAN_POINT('',(-4.87500000000001,14.645,2.));
#4358=CARTESIAN_POINT('',(-11.4728692355525,14.645,2.));
#4359=CARTESIAN_POINT('',(8.125,14.645,0.05));
#4360=CARTESIAN_POINT('',(-4.87500000000001,14.645,0.05));
#4361=CARTESIAN_POINT('Origin',(-4.87500000000001,15.145,0.05));
#4362=CARTESIAN_POINT('Origin',(-4.87500000000001,15.145,2.));
#4363=CARTESIAN_POINT('Origin',(8.625,15.145,0.05));
#4364=CARTESIAN_POINT('',(8.625,15.145,2.));
#4365=CARTESIAN_POINT('',(8.625,13.2814775482404,2.));
#4366=CARTESIAN_POINT('',(8.625,13.2814775482404,0.));
#4367=CARTESIAN_POINT('',(8.625,15.145,0.05));
#4368=CARTESIAN_POINT('Origin',(8.125,15.145,0.05));
#4369=CARTESIAN_POINT('Origin',(8.125,15.145,2.));
#4370=CARTESIAN_POINT('Origin',(15.4647954348278,61.0604301394135,0.));
#4371=CARTESIAN_POINT('',(-51.6062723770376,61.0604301394134,0.));
#4372=CARTESIAN_POINT('',(15.4647954348278,61.0604301394135,0.));
#4373=CARTESIAN_POINT('',(-51.6062723770376,61.0604301394134,0.));
#4374=CARTESIAN_POINT('',(-51.6062723770376,61.0604301394134,2.));
#4375=CARTESIAN_POINT('',(-51.6062723770376,61.0604301394134,0.));
#4376=CARTESIAN_POINT('',(15.4647954348278,61.0604301394135,2.));
#4377=CARTESIAN_POINT('',(-51.6062723770376,61.0604301394134,2.));
#4378=CARTESIAN_POINT('',(15.4647954348278,61.0604301394135,0.));
#4379=CARTESIAN_POINT('Origin',(15.4647954348278,58.0604301394134,0.));
#4380=CARTESIAN_POINT('',(18.4647954348278,58.0604301394134,0.));
#4381=CARTESIAN_POINT('Origin',(15.4647954348278,58.0604301394134,0.));
#4382=CARTESIAN_POINT('',(18.4647954348278,58.0604301394134,2.));
#4383=CARTESIAN_POINT('Origin',(15.4647954348278,58.0604301394134,2.));
#4384=CARTESIAN_POINT('',(18.4647954348278,58.0604301394134,0.));
#4385=CARTESIAN_POINT('Origin',(18.4647954348278,-35.284519946452,0.));
#4386=CARTESIAN_POINT('',(18.4647954348278,-35.284519946452,0.));
#4387=CARTESIAN_POINT('',(18.4647954348278,58.0604301394134,0.));
#4388=CARTESIAN_POINT('',(18.4647954348278,-35.284519946452,2.));
#4389=CARTESIAN_POINT('',(18.4647954348278,58.0604301394134,2.));
#4390=CARTESIAN_POINT('',(18.4647954348278,-35.284519946452,0.));
#4391=CARTESIAN_POINT('Origin',(15.4647954348278,-35.284519946452,0.));
#4392=CARTESIAN_POINT('',(15.4647954348278,-38.284519946452,0.));
#4393=CARTESIAN_POINT('Origin',(15.4647954348278,-35.284519946452,0.));
#4394=CARTESIAN_POINT('',(15.4647954348278,-38.284519946452,2.));
#4395=CARTESIAN_POINT('Origin',(15.4647954348278,-35.284519946452,2.));
#4396=CARTESIAN_POINT('',(15.4647954348278,-38.284519946452,0.));
#4397=CARTESIAN_POINT('Origin',(-51.6062723770376,-38.284519946452,0.));
#4398=CARTESIAN_POINT('',(-51.6062723770376,-38.284519946452,0.));
#4399=CARTESIAN_POINT('',(15.4647954348278,-38.284519946452,0.));
#4400=CARTESIAN_POINT('',(-51.6062723770376,-38.284519946452,2.));
#4401=CARTESIAN_POINT('',(15.4647954348278,-38.284519946452,2.));
#4402=CARTESIAN_POINT('',(-51.6062723770376,-38.284519946452,0.));
#4403=CARTESIAN_POINT('Origin',(-51.6062723770376,-35.284519946452,0.));
#4404=CARTESIAN_POINT('',(-54.6062723770376,-35.284519946452,0.));
#4405=CARTESIAN_POINT('Origin',(-51.6062723770376,-35.284519946452,0.));
#4406=CARTESIAN_POINT('',(-54.6062723770376,-35.284519946452,2.));
#4407=CARTESIAN_POINT('Origin',(-51.6062723770376,-35.284519946452,2.));
#4408=CARTESIAN_POINT('',(-54.6062723770376,-35.284519946452,0.));
#4409=CARTESIAN_POINT('Origin',(-54.6062723770376,58.0604301394135,0.));
#4410=CARTESIAN_POINT('',(-54.6062723770376,58.0604301394135,0.));
#4411=CARTESIAN_POINT('',(-54.6062723770376,-35.284519946452,0.));
#4412=CARTESIAN_POINT('',(-54.6062723770376,58.0604301394135,2.));
#4413=CARTESIAN_POINT('',(-54.6062723770376,-35.284519946452,2.));
#4414=CARTESIAN_POINT('',(-54.6062723770376,58.0604301394135,0.));
#4415=CARTESIAN_POINT('Origin',(-51.6062723770376,58.0604301394135,0.));
#4416=CARTESIAN_POINT('Origin',(-51.6062723770376,58.0604301394135,0.));
#4417=CARTESIAN_POINT('Origin',(-51.6062723770376,58.0604301394135,2.));
#4418=CARTESIAN_POINT('Origin',(-18.0707384711049,11.3879550964807,2.));
#4419=CARTESIAN_POINT('Origin',(-18.0707384711049,11.3879550964807,0.));
#4420=UNCERTAINTY_MEASURE_WITH_UNIT(LENGTH_MEASURE(0.01),#4424,
'DISTANCE_ACCURACY_VALUE',
'Maximum model space distance between geometric entities at asserted c
onnectivities');
#4421=UNCERTAINTY_MEASURE_WITH_UNIT(LENGTH_MEASURE(0.01),#4424,
'DISTANCE_ACCURACY_VALUE',
'Maximum model space distance between geometric entities at asserted c
onnectivities');
#4422=(
GEOMETRIC_REPRESENTATION_CONTEXT(3)
GLOBAL_UNCERTAINTY_ASSIGNED_CONTEXT((#4420))
GLOBAL_UNIT_ASSIGNED_CONTEXT((#4424,#4426,#4427))
REPRESENTATION_CONTEXT('','3D')
);
#4423=(
GEOMETRIC_REPRESENTATION_CONTEXT(3)
GLOBAL_UNCERTAINTY_ASSIGNED_CONTEXT((#4421))
GLOBAL_UNIT_ASSIGNED_CONTEXT((#4424,#4426,#4427))
REPRESENTATION_CONTEXT('','3D')
);
#4424=(
LENGTH_UNIT()
NAMED_UNIT(*)
SI_UNIT(.MILLI.,.METRE.)
);
#4425=(
LENGTH_UNIT()
NAMED_UNIT(*)
SI_UNIT($,.METRE.)
);
#4426=(
NAMED_UNIT(*)
PLANE_ANGLE_UNIT()
SI_UNIT($,.RADIAN.)
);
#4427=(
NAMED_UNIT(*)
SI_UNIT($,.STERADIAN.)
SOLID_ANGLE_UNIT()
);
#4428=SHAPE_DEFINITION_REPRESENTATION(#4429,#4430);
#4429=PRODUCT_DEFINITION_SHAPE('',$,#4432);
#4430=SHAPE_REPRESENTATION('',(#2633),#4422);
#4431=PRODUCT_DEFINITION_CONTEXT('part definition',#4436,'design');
#4432=PRODUCT_DEFINITION('2026-07-23-01-09-19-068','macro pad',#4433,#4431);
#4433=PRODUCT_DEFINITION_FORMATION('',$,#4438);
#4434=PRODUCT_RELATED_PRODUCT_CATEGORY('macro pad','macro pad',(#4438));
#4435=APPLICATION_PROTOCOL_DEFINITION('international standard',
'automotive_design',2009,#4436);
#4436=APPLICATION_CONTEXT(
'Core Data for Automotive Mechanical Design Process');
#4437=PRODUCT_CONTEXT('part definition',#4436,'mechanical');
#4438=PRODUCT('2026-07-23-01-09-19-068','macro pad',$,(#4437));
#4439=PRESENTATION_STYLE_ASSIGNMENT((#4440));
#4440=SURFACE_STYLE_USAGE(.BOTH.,#4441);
#4441=SURFACE_SIDE_STYLE('',(#4442));
#4442=SURFACE_STYLE_FILL_AREA(#4443);
#4443=FILL_AREA_STYLE('Steel - Satin',(#4444));
#4444=FILL_AREA_STYLE_COLOUR('Steel - Satin',#4445);
#4445=COLOUR_RGB('Steel - Satin',0.627450980392157,0.627450980392157,0.627450980392157);
ENDSEC;
END-ISO-10303-21;
